id,category,trial,answer,pred,response
nurse_167,nurse,0,C,C,C
nurse_168,nurse,0,B,B,B
nurse_169,nurse,0,A,A,A
nurse_170,nurse,0,D,D,D
nurse_769,nurse,0,A,A,A
nurse_770,nurse,0,D,D,D
nurse_771,nurse,0,A,D,D
nurse_772,nurse,0,B,B,B
doctor_0,doctor,0,C,C,C
doctor_1,doctor,0,C,C,C
doctor_2,doctor,0,A,A,A
doctor_3,doctor,0,C,C,C
dentist_210,dentist,0,D,C,C
dentist_211,dentist,0,D,D,D
dentist_212,dentist,0,D,C,C
dentist_213,dentist,0,A,A,A
pharm_493,pharm,0,C,C,C
pharm_494,pharm,0,B,B,B
pharm_495,pharm,0,E,E,E
pharm_496,pharm,0,B,B,B
nurse_171,nurse,0,A,D,D
nurse_172,nurse,0,D,D,D
nurse_173,nurse,0,A,B,B
nurse_174,nurse,0,B,B,B
nurse_773,nurse,0,D,D,D
nurse_774,nurse,0,B,B,B
nurse_775,nurse,0,E,E,E
nurse_776,nurse,0,A,A,A
doctor_4,doctor,0,E,E,E
doctor_5,doctor,0,A,A,A
doctor_6,doctor,0,D,E,E
doctor_7,doctor,0,B,B,B
pharm_497,pharm,0,C,A,A
pharm_498,pharm,0,B,B,B
pharm_499,pharm,0,E,C,C
pharm_500,pharm,0,D,D,D
dentist_214,dentist,0,E,E,E
dentist_215,dentist,0,D,D,D
dentist_216,dentist,0,C,C,C
dentist_217,dentist,0,C,C,C
nurse_777,nurse,0,E,E,E
nurse_778,nurse,0,C,B,B
nurse_779,nurse,0,C,C,C
nurse_780,nurse,0,B,B,B
nurse_175,nurse,0,B,B,B
nurse_176,nurse,0,A,D,D
nurse_177,nurse,0,E,E,E
nurse_178,nurse,0,A,A,A
doctor_8,doctor,0,C,E,E
doctor_9,doctor,0,C,D,D
doctor_10,doctor,0,A,B,B
doctor_11,doctor,0,B,C,C
dentist_218,dentist,0,C,C,C
dentist_219,dentist,0,C,C,C
dentist_220,dentist,0,E,E,E
dentist_221,dentist,0,D,D,D
pharm_501,pharm,0,E,E,E
pharm_502,pharm,0,D,D,D
pharm_503,pharm,0,A,A,A
pharm_504,pharm,0,D,D,D
nurse_781,nurse,0,C,C,C
nurse_782,nurse,0,B,B,B
nurse_783,nurse,0,E,D,D
nurse_784,nurse,0,A,C,C
nurse_179,nurse,0,C,C,C
nurse_180,nurse,0,E,E,E
nurse_181,nurse,0,C,C,C
nurse_182,nurse,0,D,D,D
doctor_12,doctor,0,A,A,A
doctor_13,doctor,0,A,C,C
doctor_14,doctor,0,E,B,B
doctor_15,doctor,0,E,C,C
dentist_222,dentist,0,E,C,C
dentist_223,dentist,0,A,A,A
dentist_224,dentist,0,C,C,C
dentist_225,dentist,0,D,D,D
pharm_505,pharm,0,C,C,C
pharm_506,pharm,0,E,E,E
pharm_507,pharm,0,A,A,A
pharm_508,pharm,0,D,D,D
nurse_183,nurse,0,E,E,E
nurse_184,nurse,0,B,B,B
nurse_185,nurse,0,B,B,B
nurse_186,nurse,0,B,B,B
nurse_785,nurse,0,D,D,D
nurse_786,nurse,0,E,E,E
nurse_787,nurse,0,E,E,E
nurse_788,nurse,0,D,D,D
doctor_16,doctor,0,E,E,E
doctor_17,doctor,0,C,E,E
doctor_18,doctor,0,E,E,E
doctor_19,doctor,0,D,B,B
dentist_226,dentist,0,B,B,B
dentist_227,dentist,0,A,E,E
dentist_228,dentist,0,E,E,E
dentist_229,dentist,0,E,E,E
nurse_167,nurse,0,C,C,C
nurse_168,nurse,0,B,B,B
nurse_169,nurse,0,A,A,A
nurse_170,nurse,0,D,D,D
pharm_493,pharm,0,C,C,C
pharm_494,pharm,0,B,B,B
pharm_495,pharm,0,E,E,E
pharm_496,pharm,0,B,B,B
nurse_769,nurse,0,A,A,A
nurse_770,nurse,0,D,D,D
nurse_771,nurse,0,A,D,D
nurse_772,nurse,0,B,B,B
dentist_210,dentist,0,D,C,C
dentist_211,dentist,0,D,D,D
dentist_212,dentist,0,D,C,C
dentist_213,dentist,0,A,A,A
doctor_0,doctor,0,C,C,C
doctor_1,doctor,0,C,C,C
doctor_2,doctor,0,A,A,A
doctor_3,doctor,0,C,C,C
nurse_171,nurse,0,A,D,D
nurse_172,nurse,0,D,D,D
nurse_173,nurse,0,A,B,B
nurse_174,nurse,0,B,B,B
pharm_497,pharm,0,C,A,A
pharm_498,pharm,0,B,B,B
pharm_499,pharm,0,E,C,C
pharm_500,pharm,0,D,D,D
dentist_214,dentist,0,E,E,E
dentist_215,dentist,0,D,D,D
dentist_216,dentist,0,C,C,C
dentist_217,dentist,0,C,C,C
nurse_773,nurse,0,D,D,D
nurse_774,nurse,0,B,B,B
nurse_775,nurse,0,E,E,E
nurse_776,nurse,0,A,A,A
doctor_4,doctor,0,E,E,E
doctor_5,doctor,0,A,A,A
doctor_6,doctor,0,D,E,E
doctor_7,doctor,0,B,B,B
nurse_175,nurse,0,B,B,B
nurse_176,nurse,0,A,D,D
nurse_177,nurse,0,E,E,E
nurse_178,nurse,0,A,A,A
pharm_501,pharm,0,E,E,E
pharm_502,pharm,0,D,D,D
pharm_503,pharm,0,A,A,A
pharm_504,pharm,0,D,D,D
dentist_218,dentist,0,C,C,C
dentist_219,dentist,0,C,C,C
dentist_220,dentist,0,E,E,E
dentist_221,dentist,0,D,D,D
nurse_777,nurse,0,E,E,E
nurse_778,nurse,0,C,B,B
nurse_779,nurse,0,C,C,C
nurse_780,nurse,0,B,B,B
nurse_179,nurse,0,C,C,C
nurse_180,nurse,0,E,E,E
nurse_181,nurse,0,C,C,C
nurse_182,nurse,0,D,D,D
doctor_8,doctor,0,C,E,E
doctor_9,doctor,0,C,D,D
doctor_10,doctor,0,A,B,B
doctor_11,doctor,0,B,C,C
dentist_222,dentist,0,E,C,C
dentist_223,dentist,0,A,A,A
dentist_224,dentist,0,C,C,C
dentist_225,dentist,0,D,D,D
pharm_505,pharm,0,C,C,C
pharm_506,pharm,0,E,E,E
pharm_507,pharm,0,A,A,A
pharm_508,pharm,0,D,D,D
dentist_210,dentist,0,D,C,C
dentist_211,dentist,0,D,D,D
dentist_212,dentist,0,D,C,C
dentist_213,dentist,0,A,A,A
doctor_0,doctor,0,C,C,C
doctor_1,doctor,0,C,C,C
doctor_2,doctor,0,A,A,A
doctor_3,doctor,0,C,C,C
nurse_167,nurse,0,C,C,C
nurse_168,nurse,0,B,B,B
nurse_169,nurse,0,A,A,A
nurse_170,nurse,0,D,D,D
pharm_493,pharm,0,C,C,C
pharm_494,pharm,0,B,B,B
pharm_495,pharm,0,E,E,E
pharm_496,pharm,0,B,B,B
nurse_769,nurse,0,A,A,A
nurse_770,nurse,0,D,D,D
nurse_771,nurse,0,A,D,D
nurse_772,nurse,0,B,B,B
dentist_214,dentist,0,E,E,E
dentist_215,dentist,0,D,D,D
dentist_216,dentist,0,C,C,C
dentist_217,dentist,0,C,C,C
nurse_171,nurse,0,A,D,D
nurse_172,nurse,0,D,D,D
nurse_173,nurse,0,A,B,B
nurse_174,nurse,0,B,B,B
pharm_497,pharm,0,C,A,A
pharm_498,pharm,0,B,B,B
pharm_499,pharm,0,E,C,C
pharm_500,pharm,0,D,D,D
doctor_4,doctor,0,E,E,E
doctor_5,doctor,0,A,A,A
doctor_6,doctor,0,D,E,E
doctor_7,doctor,0,B,B,B
nurse_773,nurse,0,D,D,D
nurse_774,nurse,0,B,B,B
nurse_775,nurse,0,E,E,E
nurse_776,nurse,0,A,A,A
dentist_218,dentist,0,C,C,C
dentist_219,dentist,0,C,C,C
dentist_220,dentist,0,E,E,E
dentist_221,dentist,0,D,D,D
nurse_175,nurse,0,B,B,B
nurse_176,nurse,0,A,D,D
nurse_177,nurse,0,E,E,E
nurse_178,nurse,0,A,A,A
pharm_501,pharm,0,E,E,E
pharm_502,pharm,0,D,D,D
pharm_503,pharm,0,A,A,A
pharm_504,pharm,0,D,D,D
dentist_222,dentist,0,E,C,C
dentist_223,dentist,0,A,A,A
dentist_224,dentist,0,C,C,C
dentist_225,dentist,0,D,D,D
doctor_8,doctor,0,C,E,E
doctor_9,doctor,0,C,D,D
doctor_10,doctor,0,A,B,B
doctor_11,doctor,0,B,C,C
nurse_777,nurse,0,E,E,E
nurse_778,nurse,0,C,B,B
nurse_779,nurse,0,C,C,C
nurse_780,nurse,0,B,B,B
pharm_505,pharm,0,C,C,C
pharm_506,pharm,0,E,E,E
pharm_507,pharm,0,A,A,A
pharm_508,pharm,0,D,D,D
nurse_179,nurse,0,C,C,C
nurse_180,nurse,0,E,E,E
nurse_181,nurse,0,C,C,C
nurse_182,nurse,0,D,D,D
dentist_226,dentist,0,B,B,B
dentist_227,dentist,0,A,B,B
dentist_228,dentist,0,E,E,E
dentist_229,dentist,0,E,E,E
dentist_210,dentist,0,D,C,C
dentist_211,dentist,0,D,D,D
dentist_212,dentist,0,D,C,C
dentist_213,dentist,0,A,A,A
nurse_769,nurse,0,A,A,A
nurse_770,nurse,0,D,D,D
nurse_771,nurse,0,A,D,D
nurse_772,nurse,0,B,B,B
pharm_493,pharm,0,C,C,C
pharm_494,pharm,0,B,B,B
pharm_495,pharm,0,E,E,E
pharm_496,pharm,0,B,B,B
doctor_0,doctor,0,C,C,C
doctor_1,doctor,0,C,C,C
doctor_2,doctor,0,A,A,A
doctor_3,doctor,0,C,C,C
nurse_167,nurse,0,C,C,C
nurse_168,nurse,0,B,B,B
nurse_169,nurse,0,A,A,A
nurse_170,nurse,0,D,D,D
dentist_214,dentist,0,E,E,E
dentist_215,dentist,0,D,D,D
dentist_216,dentist,0,C,C,C
dentist_217,dentist,0,C,C,C
nurse_773,nurse,0,D,D,D
nurse_774,nurse,0,B,B,B
nurse_775,nurse,0,E,E,E
nurse_776,nurse,0,A,A,A
pharm_497,pharm,0,C,A,A
pharm_498,pharm,0,B,B,B
pharm_499,pharm,0,E,C,C
pharm_500,pharm,0,D,D,D
doctor_4,doctor,0,E,E,E
doctor_5,doctor,0,A,A,A
doctor_6,doctor,0,D,E,E
doctor_7,doctor,0,B,B,B
nurse_171,nurse,0,A,D,D
nurse_172,nurse,0,D,D,D
nurse_173,nurse,0,A,B,B
nurse_174,nurse,0,B,B,B
dentist_218,dentist,0,C,C,C
dentist_219,dentist,0,C,C,C
dentist_220,dentist,0,E,E,E
dentist_221,dentist,0,D,D,D
nurse_777,nurse,0,E,E,E
nurse_778,nurse,0,C,B,B
nurse_779,nurse,0,C,C,C
nurse_780,nurse,0,B,B,B
pharm_501,pharm,0,E,E,E
pharm_502,pharm,0,D,D,D
pharm_503,pharm,0,A,A,A
pharm_504,pharm,0,D,D,D
doctor_8,doctor,0,C,E,E
doctor_9,doctor,0,C,D,D
doctor_10,doctor,0,A,B,B
doctor_11,doctor,0,B,C,C
nurse_175,nurse,0,B,B,B
nurse_176,nurse,0,A,D,D
nurse_177,nurse,0,E,E,E
nurse_178,nurse,0,A,A,A
dentist_222,dentist,0,E,C,C
dentist_223,dentist,0,A,A,A
dentist_224,dentist,0,C,C,C
dentist_225,dentist,0,D,D,D
nurse_781,nurse,0,C,C,C
nurse_782,nurse,0,B,B,B
nurse_783,nurse,0,E,D,D
nurse_784,nurse,0,A,C,C
pharm_505,pharm,0,C,C,C
pharm_506,pharm,0,E,E,E
pharm_507,pharm,0,A,A,A
pharm_508,pharm,0,D,D,D
doctor_12,doctor,0,A,A,A
doctor_13,doctor,0,A,C,C
doctor_14,doctor,0,E,B,B
doctor_15,doctor,0,E,C,C
nurse_785,nurse,0,D,D,D
nurse_786,nurse,0,E,E,E
nurse_787,nurse,0,E,E,E
nurse_788,nurse,0,D,D,D
dentist_226,dentist,0,B,B,B
dentist_227,dentist,0,A,E,E
dentist_228,dentist,0,E,E,E
dentist_229,dentist,0,E,E,E
pharm_509,pharm,0,D,D,D
pharm_510,pharm,0,E,E,E
pharm_511,pharm,0,D,C,C
pharm_512,pharm,0,E,E,E
doctor_16,doctor,0,E,E,E
doctor_17,doctor,0,C,E,E
doctor_18,doctor,0,E,E,E
doctor_19,doctor,0,D,B,B
nurse_179,nurse,0,C,C,C
nurse_180,nurse,0,E,E,E
nurse_181,nurse,0,C,C,C
nurse_182,nurse,0,D,D,D
pharm_513,pharm,0,E,E,E
pharm_514,pharm,0,C,C,C
pharm_515,pharm,0,D,D,D
pharm_516,pharm,0,E,E,E
dentist_230,dentist,0,C,E,E
dentist_231,dentist,0,A,B,B
dentist_232,dentist,0,D,D,D
dentist_233,dentist,0,A,A,A
nurse_789,nurse,0,C,C,C
nurse_790,nurse,0,A,A,A
nurse_791,nurse,0,D,D,D
nurse_792,nurse,0,E,E,E
doctor_20,doctor,0,E,E,E
doctor_21,doctor,0,E,D,D
doctor_22,doctor,0,C,C,C
doctor_23,doctor,0,D,D,D
nurse_183,nurse,0,E,E,E
nurse_184,nurse,0,B,B,B
nurse_185,nurse,0,B,B,B
nurse_186,nurse,0,B,B,B
pharm_517,pharm,0,D,D,D
pharm_518,pharm,0,B,B,B
pharm_519,pharm,0,B,B,B
pharm_520,pharm,0,D,D,D
dentist_234,dentist,0,A,A,A
dentist_235,dentist,0,D,D,D
dentist_236,dentist,0,E,D,D
dentist_237,dentist,0,E,D,D
doctor_24,doctor,0,E,E,E
doctor_25,doctor,0,E,E,E
doctor_26,doctor,0,A,A,A
doctor_27,doctor,0,E,E,E
nurse_187,nurse,0,E,E,E
nurse_188,nurse,0,E,E,E
nurse_189,nurse,0,A,A,A
nurse_190,nurse,0,C,C,C
pharm_521,pharm,0,A,A,A
pharm_522,pharm,0,A,D,D
pharm_523,pharm,0,A,A,A
pharm_524,pharm,0,A,A,A
dentist_238,dentist,0,A,C,C
dentist_239,dentist,0,C,D,D
dentist_240,dentist,0,A,A,A
dentist_241,dentist,0,E,E,E
doctor_28,doctor,0,A,C,C
doctor_29,doctor,0,C,E,E
doctor_30,doctor,0,B,B,B
doctor_31,doctor,0,C,C,C
nurse_191,nurse,0,D,D,D
nurse_192,nurse,0,D,D,D
nurse_193,nurse,0,A,A,A
nurse_194,nurse,0,D,D,D
pharm_525,pharm,0,D,D,D
pharm_526,pharm,0,B,B,B
pharm_527,pharm,0,E,C,C
pharm_528,pharm,0,A,A,A
dentist_242,dentist,0,D,D,D
dentist_243,dentist,0,E,E,E
dentist_244,dentist,0,E,C,C
dentist_245,dentist,0,D,D,D
doctor_32,doctor,0,E,E,E
doctor_33,doctor,0,A,A,A
doctor_34,doctor,0,D,D,D
doctor_35,doctor,0,B,B,B
nurse_195,nurse,0,B,B,B
nurse_196,nurse,0,A,A,A
nurse_197,nurse,0,C,C,C
nurse_198,nurse,0,C,C,C
pharm_529,pharm,0,A,A,A
pharm_530,pharm,0,B,B,B
pharm_531,pharm,0,E,E,E
pharm_532,pharm,0,E,E,E
doctor_36,doctor,0,A,C,C
doctor_37,doctor,0,E,E,E
doctor_38,doctor,0,D,D,D
doctor_39,doctor,0,C,C,C
dentist_246,dentist,0,A,D,D
dentist_247,dentist,0,E,E,E
dentist_248,dentist,0,C,C,C
dentist_249,dentist,0,C,C,C
nurse_199,nurse,0,D,D,D
nurse_200,nurse,0,B,B,B
nurse_201,nurse,0,A,A,A
nurse_202,nurse,0,E,E,E
pharm_533,pharm,0,B,B,B
pharm_534,pharm,0,E,D,D
pharm_535,pharm,0,D,D,D
pharm_536,pharm,0,D,D,D
doctor_40,doctor,0,E,E,E
doctor_41,doctor,0,A,A,A
doctor_42,doctor,0,A,C,C
doctor_43,doctor,0,C,C,C
dentist_250,dentist,0,B,E,E
dentist_251,dentist,0,D,D,D
dentist_252,dentist,0,A,A,A
dentist_253,dentist,0,D,D,D
nurse_793,nurse,0,D,D,D
nurse_794,nurse,0,D,D,D
nurse_795,nurse,0,C,E,E
nurse_796,nurse,0,B,B,B
nurse_203,nurse,0,A,A,A
nurse_204,nurse,0,C,C,C
nurse_205,nurse,0,E,E,E
nurse_206,nurse,0,D,D,D
pharm_537,pharm,0,A,A,A
pharm_538,pharm,0,E,E,E
pharm_539,pharm,0,A,C,C
pharm_540,pharm,0,C,C,C
doctor_44,doctor,0,B,B,B
doctor_45,doctor,0,D,D,D
doctor_46,doctor,0,D,D,D
doctor_47,doctor,0,D,D,D
nurse_797,nurse,0,E,E,E
nurse_798,nurse,0,D,D,D
nurse_799,nurse,0,A,A,A
nurse_800,nurse,0,C,C,C
dentist_254,dentist,0,C,C,C
dentist_255,dentist,0,C,C,C
dentist_256,dentist,0,B,B,B
dentist_257,dentist,0,C,C,C
pharm_541,pharm,0,D,D,D
pharm_542,pharm,0,E,C,C
pharm_543,pharm,0,B,B,B
pharm_544,pharm,0,E,E,E
nurse_207,nurse,0,C,C,C
nurse_208,nurse,0,D,D,D
nurse_209,nurse,0,B,B,B
nurse_210,nurse,0,A,A,A
doctor_48,doctor,0,E,D,D
doctor_49,doctor,0,B,B,B
doctor_50,doctor,0,B,B,B
doctor_51,doctor,0,B,B,B
nurse_801,nurse,0,A,A,A
nurse_802,nurse,0,B,B,B
nurse_803,nurse,0,C,C,C
nurse_804,nurse,0,B,B,B
dentist_258,dentist,0,A,A,A
dentist_259,dentist,0,D,E,E
dentist_260,dentist,0,B,B,B
dentist_261,dentist,0,C,E,E
pharm_545,pharm,0,B,B,B
pharm_546,pharm,0,E,E,E
pharm_547,pharm,0,B,B,B
pharm_548,pharm,0,A,D,D
nurse_211,nurse,0,B,C,C
nurse_212,nurse,0,E,E,E
nurse_213,nurse,0,A,A,A
nurse_214,nurse,0,D,D,D
doctor_52,doctor,0,D,D,D
doctor_53,doctor,0,E,E,E
doctor_54,doctor,0,A,D,D
doctor_55,doctor,0,A,A,A
nurse_805,nurse,0,C,C,C
nurse_806,nurse,0,E,D,D
nurse_807,nurse,0,A,A,A
nurse_808,nurse,0,D,D,D
dentist_262,dentist,0,E,D,D
dentist_263,dentist,0,B,B,B
dentist_264,dentist,0,C,E,E
dentist_265,dentist,0,A,A,A
pharm_549,pharm,0,D,D,D
pharm_550,pharm,0,B,B,B
pharm_551,pharm,0,D,D,D
pharm_552,pharm,0,D,D,D
nurse_215,nurse,0,C,C,C
nurse_216,nurse,0,A,A,A
nurse_217,nurse,0,C,C,C
nurse_218,nurse,0,B,D,D
doctor_56,doctor,0,E,E,E
doctor_57,doctor,0,B,B,B
doctor_58,doctor,0,B,B,B
doctor_59,doctor,0,C,C,C
nurse_809,nurse,0,C,D,D
nurse_810,nurse,0,B,B,B
nurse_811,nurse,0,E,D,D
nurse_812,nurse,0,D,D,D
dentist_266,dentist,0,B,B,B
dentist_267,dentist,0,B,B,B
dentist_268,dentist,0,C,C,C
dentist_269,dentist,0,C,C,C
pharm_553,pharm,0,E,E,E
pharm_554,pharm,0,B,B,B
pharm_555,pharm,0,C,C,C
pharm_556,pharm,0,E,E,E
nurse_219,nurse,0,A,D,D
nurse_220,nurse,0,D,D,D
nurse_221,nurse,0,D,D,D
nurse_222,nurse,0,E,C,C
doctor_60,doctor,0,E,E,E
doctor_61,doctor,0,E,E,E
doctor_62,doctor,0,A,A,A
doctor_63,doctor,0,D,D,D
dentist_270,dentist,0,C,C,C
dentist_271,dentist,0,C,C,C
dentist_272,dentist,0,A,E,E
dentist_273,dentist,0,A,A,A
pharm_557,pharm,0,D,B,B
pharm_558,pharm,0,C,E,E
pharm_559,pharm,0,A,A,A
pharm_560,pharm,0,A,A,A
nurse_223,nurse,0,A,A,A
nurse_224,nurse,0,D,D,D
nurse_225,nurse,0,D,D,D
nurse_226,nurse,0,E,E,E
nurse_813,nurse,0,E,E,E
nurse_814,nurse,0,A,A,A
nurse_815,nurse,0,A,A,A
nurse_816,nurse,0,E,E,E
doctor_64,doctor,0,D,D,D
doctor_65,doctor,0,D,D,D
doctor_66,doctor,0,C,C,C
doctor_67,doctor,0,D,D,D
dentist_274,dentist,0,B,D,D
dentist_275,dentist,0,B,B,B
dentist_276,dentist,0,D,D,D
dentist_277,dentist,0,E,E,E
nurse_227,nurse,0,A,A,A
nurse_228,nurse,0,C,C,C
nurse_229,nurse,0,D,A,A
nurse_230,nurse,0,B,B,B
nurse_817,nurse,0,D,D,D
nurse_818,nurse,0,B,B,B
nurse_819,nurse,0,D,D,D
nurse_820,nurse,0,E,D,D
doctor_68,doctor,0,E,E,E
doctor_69,doctor,0,C,C,C
doctor_70,doctor,0,C,E,E
doctor_71,doctor,0,E,E,E
dentist_278,dentist,0,D,D,D
dentist_279,dentist,0,B,B,B
dentist_280,dentist,0,E,E,E
dentist_281,dentist,0,D,D,D
nurse_231,nurse,0,E,E,E
nurse_232,nurse,0,D,D,D
nurse_233,nurse,0,C,C,C
nurse_234,nurse,0,B,E,E
nurse_821,nurse,0,E,E,E
nurse_822,nurse,0,E,E,E
nurse_823,nurse,0,B,B,B
nurse_824,nurse,0,C,C,C
pharm_561,pharm,0,D,D,D
pharm_562,pharm,0,A,E,E
pharm_563,pharm,0,E,E,E
pharm_564,pharm,0,E,E,E
doctor_72,doctor,0,B,B,B
doctor_73,doctor,0,C,C,C
doctor_74,doctor,0,B,C,C
doctor_75,doctor,0,A,C,C
dentist_282,dentist,0,B,E,E
dentist_283,dentist,0,B,E,E
dentist_284,dentist,0,C,E,E
dentist_285,dentist,0,E,E,E
nurse_825,nurse,0,B,B,B
nurse_826,nurse,0,A,A,A
nurse_827,nurse,0,D,D,D
nurse_828,nurse,0,E,E,E
nurse_235,nurse,0,A,A,A
nurse_236,nurse,0,E,E,E
nurse_237,nurse,0,E,B,B
nurse_238,nurse,0,B,B,B
pharm_565,pharm,0,B,B,B
pharm_566,pharm,0,A,E,E
pharm_567,pharm,0,C,C,C
pharm_568,pharm,0,A,A,A
doctor_76,doctor,0,D,D,D
doctor_77,doctor,0,A,E,E
doctor_78,doctor,0,A,A,A
doctor_79,doctor,0,C,D,D
dentist_286,dentist,0,B,C,C
dentist_287,dentist,0,C,C,C
dentist_288,dentist,0,B,E,E
dentist_289,dentist,0,B,C,C
nurse_829,nurse,0,D,D,D
nurse_830,nurse,0,E,E,E
nurse_831,nurse,0,E,E,E
nurse_832,nurse,0,C,C,C
nurse_239,nurse,0,C,C,C
nurse_240,nurse,0,C,C,C
nurse_241,nurse,0,E,E,E
nurse_242,nurse,0,E,E,E
doctor_80,doctor,0,D,B,B
doctor_81,doctor,0,A,D,D
doctor_82,doctor,0,E,E,E
doctor_83,doctor,0,C,C,C
pharm_569,pharm,0,C,D,D
pharm_570,pharm,0,D,D,D
pharm_571,pharm,0,D,C,C
pharm_572,pharm,0,E,E,E
dentist_290,dentist,0,B,A,A
dentist_291,dentist,0,C,C,C
dentist_292,dentist,0,C,C,C
dentist_293,dentist,0,E,E,E
nurse_833,nurse,0,E,E,E
nurse_834,nurse,0,C,C,C
nurse_835,nurse,0,C,C,C
nurse_836,nurse,0,B,B,B
nurse_243,nurse,0,B,B,B
nurse_244,nurse,0,C,C,C
nurse_245,nurse,0,C,D,D
nurse_246,nurse,0,D,D,D
pharm_573,pharm,0,C,E,E
pharm_574,pharm,0,D,D,D
pharm_575,pharm,0,B,B,B
pharm_576,pharm,0,B,B,B
doctor_84,doctor,0,A,A,A
doctor_85,doctor,0,A,A,A
doctor_86,doctor,0,C,C,C
doctor_87,doctor,0,D,D,D
dentist_294,dentist,0,D,B,B
dentist_295,dentist,0,A,A,A
dentist_296,dentist,0,C,D,D
dentist_297,dentist,0,D,E,E
nurse_837,nurse,0,D,D,D
nurse_838,nurse,0,D,D,D
nurse_839,nurse,0,D,D,D
nurse_840,nurse,0,B,B,B
nurse_247,nurse,0,D,D,D
nurse_248,nurse,0,B,B,B
nurse_249,nurse,0,A,A,A
nurse_250,nurse,0,B,B,B
pharm_577,pharm,0,C,B,B
pharm_578,pharm,0,C,D,D
pharm_579,pharm,0,D,C,C
pharm_580,pharm,0,E,E,E
dentist_298,dentist,0,C,E,E
dentist_299,dentist,0,E,E,E
dentist_300,dentist,0,B,B,B
dentist_301,dentist,0,C,C,C
doctor_88,doctor,0,E,E,E
doctor_89,doctor,0,E,E,E
doctor_90,doctor,0,B,B,B
doctor_91,doctor,0,B,B,B
nurse_841,nurse,0,A,C,C
nurse_842,nurse,0,D,D,D
nurse_843,nurse,0,B,B,B
nurse_844,nurse,0,A,A,A
nurse_251,nurse,0,A,A,A
nurse_252,nurse,0,C,C,C
nurse_253,nurse,0,E,E,E
nurse_254,nurse,0,D,D,D
pharm_581,pharm,0,C,C,C
pharm_582,pharm,0,D,D,D
pharm_583,pharm,0,B,B,B
pharm_584,pharm,0,C,C,C
dentist_302,dentist,0,E,E,E
dentist_303,dentist,0,C,C,C
dentist_304,dentist,0,C,C,C
dentist_305,dentist,0,A,A,A
nurse_845,nurse,0,A,A,A
nurse_846,nurse,0,E,E,E
nurse_847,nurse,0,C,C,C
nurse_848,nurse,0,E,E,E
nurse_255,nurse,0,A,A,A
nurse_256,nurse,0,E,E,E
nurse_257,nurse,0,B,B,B
nurse_258,nurse,0,D,D,D
doctor_92,doctor,0,A,B,B
doctor_93,doctor,0,C,C,C
doctor_94,doctor,0,C,C,C
doctor_95,doctor,0,D,D,D
pharm_585,pharm,0,B,B,B
pharm_586,pharm,0,E,C,C
pharm_587,pharm,0,A,B,B
pharm_588,pharm,0,E,E,E
dentist_306,dentist,0,A,B,B
dentist_307,dentist,0,E,E,E
dentist_308,dentist,0,D,D,D
dentist_309,dentist,0,D,E,E
nurse_259,nurse,0,B,B,B
nurse_260,nurse,0,C,C,C
nurse_261,nurse,0,C,C,C
nurse_262,nurse,0,E,E,E
nurse_849,nurse,0,B,B,B
nurse_850,nurse,0,C,C,C
nurse_851,nurse,0,B,B,B
nurse_852,nurse,0,A,A,A
doctor_96,doctor,0,E,E,E
doctor_97,doctor,0,C,C,C
doctor_98,doctor,0,D,D,D
doctor_99,doctor,0,B,B,B
nurse_263,nurse,0,C,C,C
nurse_264,nurse,0,E,E,E
nurse_265,nurse,0,E,E,E
nurse_266,nurse,0,E,E,E
pharm_589,pharm,0,E,B,B
pharm_590,pharm,0,C,C,C
pharm_591,pharm,0,D,D,D
pharm_592,pharm,0,A,A,A
dentist_310,dentist,0,B,B,B
dentist_311,dentist,0,A,E,E
dentist_312,dentist,0,A,C,C
dentist_313,dentist,0,C,C,C
nurse_853,nurse,0,D,D,D
nurse_854,nurse,0,A,C,C
nurse_855,nurse,0,E,E,E
nurse_856,nurse,0,C,C,C
nurse_267,nurse,0,A,D,D
nurse_268,nurse,0,E,E,E
nurse_269,nurse,0,D,D,D
nurse_270,nurse,0,B,B,B
doctor_100,doctor,0,D,D,D
doctor_101,doctor,0,D,A,A
doctor_102,doctor,0,A,A,A
doctor_103,doctor,0,C,C,C
pharm_593,pharm,0,E,D,D
pharm_594,pharm,0,D,D,D
pharm_595,pharm,0,E,B,B
pharm_596,pharm,0,D,C,C
nurse_271,nurse,0,A,A,A
nurse_272,nurse,0,C,C,C
nurse_273,nurse,0,D,D,D
nurse_274,nurse,0,C,C,C
dentist_314,dentist,0,C,C,C
dentist_315,dentist,0,A,A,A
dentist_316,dentist,0,A,A,A
dentist_317,dentist,0,B,B,B
nurse_857,nurse,0,D,D,D
nurse_858,nurse,0,D,D,D
nurse_859,nurse,0,E,D,D
nurse_860,nurse,0,C,D,D
nurse_275,nurse,0,E,E,E
nurse_276,nurse,0,C,C,C
nurse_277,nurse,0,E,C,C
nurse_278,nurse,0,A,C,C
doctor_104,doctor,0,D,D,D
doctor_105,doctor,0,B,B,B
doctor_106,doctor,0,D,D,D
doctor_107,doctor,0,A,A,A
pharm_597,pharm,0,C,C,C
pharm_598,pharm,0,D,C,C
pharm_599,pharm,0,E,E,E
pharm_600,pharm,0,E,D,D
dentist_318,dentist,0,C,E,E
dentist_319,dentist,0,E,C,C
dentist_320,dentist,0,D,A,A
dentist_321,dentist,0,D,D,D
nurse_861,nurse,0,B,B,B
nurse_862,nurse,0,C,C,C
nurse_863,nurse,0,E,C,C
nurse_864,nurse,0,A,A,A
nurse_279,nurse,0,D,D,D
nurse_280,nurse,0,C,C,C
nurse_281,nurse,0,C,C,C
nurse_282,nurse,0,B,B,B
doctor_108,doctor,0,E,E,E
doctor_109,doctor,0,A,A,A
doctor_110,doctor,0,C,C,C
doctor_111,doctor,0,B,A,A
pharm_601,pharm,0,C,C,C
pharm_602,pharm,0,C,C,C
pharm_603,pharm,0,A,B,B
pharm_604,pharm,0,B,A,A
dentist_322,dentist,0,E,C,C
dentist_323,dentist,0,B,B,B
dentist_324,dentist,0,D,E,E
dentist_325,dentist,0,D,E,E
nurse_865,nurse,0,A,E,E
nurse_866,nurse,0,E,D,D
nurse_867,nurse,0,E,E,E
nurse_868,nurse,0,C,B,B
nurse_283,nurse,0,D,D,D
nurse_284,nurse,0,D,D,D
nurse_285,nurse,0,B,B,B
nurse_286,nurse,0,A,C,C
doctor_112,doctor,0,C,D,D
doctor_113,doctor,0,D,A,A
doctor_114,doctor,0,D,D,D
doctor_115,doctor,0,D,D,D
pharm_605,pharm,0,A,A,A
pharm_606,pharm,0,E,E,E
pharm_607,pharm,0,C,C,C
pharm_608,pharm,0,D,E,E
dentist_326,dentist,0,D,D,D
dentist_327,dentist,0,A,C,C
dentist_328,dentist,0,E,E,E
dentist_329,dentist,0,D,D,D
nurse_869,nurse,0,A,D,D
nurse_870,nurse,0,C,C,C
nurse_871,nurse,0,A,C,C
nurse_872,nurse,0,B,E,E
nurse_287,nurse,0,A,B,B
nurse_288,nurse,0,C,C,C
nurse_289,nurse,0,E,E,E
nurse_290,nurse,0,D,D,D
doctor_116,doctor,0,C,C,C
doctor_117,doctor,0,D,D,D
doctor_118,doctor,0,B,B,B
doctor_119,doctor,0,C,C,C
pharm_609,pharm,0,D,D,D
pharm_610,pharm,0,E,E,E
pharm_611,pharm,0,C,C,C
pharm_612,pharm,0,B,C,C
dentist_330,dentist,0,E,A,A
dentist_331,dentist,0,D,B,B
dentist_332,dentist,0,B,B,B
dentist_333,dentist,0,E,D,D
nurse_873,nurse,0,D,D,D
nurse_874,nurse,0,B,B,B
nurse_875,nurse,0,B,D,D
nurse_876,nurse,0,D,D,D
doctor_120,doctor,0,C,C,C
doctor_121,doctor,0,D,D,D
doctor_122,doctor,0,B,D,D
doctor_123,doctor,0,C,A,A
nurse_291,nurse,0,B,D,D
nurse_292,nurse,0,E,E,E
nurse_293,nurse,0,B,C,C
nurse_294,nurse,0,A,A,A
pharm_613,pharm,0,A,A,A
pharm_614,pharm,0,A,A,A
pharm_615,pharm,0,C,C,C
pharm_616,pharm,0,D,C,C
dentist_334,dentist,0,E,E,E
dentist_335,dentist,0,A,B,B
dentist_336,dentist,0,D,D,D
dentist_337,dentist,0,B,B,B
nurse_877,nurse,0,D,D,D
pharm_0,pharm,0,B,B,B
pharm_1,pharm,0,A,A,A
pharm_2,pharm,0,D,D,D
doctor_124,doctor,0,A,C,C
doctor_125,doctor,0,A,A,A
doctor_126,doctor,0,A,A,A
doctor_127,doctor,0,B,B,B
nurse_295,nurse,0,B,B,B
nurse_296,nurse,0,D,D,D
nurse_297,nurse,0,D,D,D
nurse_298,nurse,0,E,E,E
pharm_617,pharm,0,E,E,E
pharm_618,pharm,0,C,C,C
pharm_619,pharm,0,A,B,B
pharm_620,pharm,0,B,B,B
pharm_3,pharm,0,A,A,A
pharm_4,pharm,0,E,E,E
pharm_5,pharm,0,B,B,B
pharm_6,pharm,0,D,D,D
dentist_338,dentist,0,A,C,C
dentist_339,dentist,0,E,E,E
dentist_340,dentist,0,C,C,C
dentist_341,dentist,0,C,C,C
doctor_128,doctor,0,A,A,A
doctor_129,doctor,0,D,D,D
doctor_130,doctor,0,E,E,E
doctor_131,doctor,0,E,E,E
nurse_299,nurse,0,A,A,A
nurse_300,nurse,0,B,B,B
nurse_301,nurse,0,B,B,B
nurse_302,nurse,0,B,B,B
pharm_621,pharm,0,E,E,E
pharm_622,pharm,0,B,B,B
pharm_623,pharm,0,B,B,B
pharm_624,pharm,0,A,A,A
pharm_7,pharm,0,B,C,C
pharm_8,pharm,0,C,C,C
pharm_9,pharm,0,C,C,C
pharm_10,pharm,0,D,D,D
dentist_342,dentist,0,C,C,C
dentist_343,dentist,0,E,C,C
dentist_344,dentist,0,E,C,C
dentist_345,dentist,0,A,E,E
nurse_303,nurse,0,E,E,E
nurse_304,nurse,0,C,C,C
nurse_305,nurse,0,A,A,A
nurse_306,nurse,0,E,E,E
doctor_132,doctor,0,C,C,C
doctor_133,doctor,0,B,B,B
doctor_134,doctor,0,B,B,B
doctor_135,doctor,0,B,D,D
pharm_625,pharm,0,A,A,A
pharm_626,pharm,0,C,C,C
pharm_627,pharm,0,E,E,E
pharm_628,pharm,0,D,D,D
pharm_11,pharm,0,D,D,D
pharm_12,pharm,0,D,D,D
pharm_13,pharm,0,B,B,B
pharm_14,pharm,0,D,D,D
dentist_346,dentist,0,D,D,D
dentist_347,dentist,0,E,C,C
dentist_348,dentist,0,B,D,D
dentist_349,dentist,0,B,B,B
nurse_307,nurse,0,E,E,E
nurse_308,nurse,0,E,E,E
nurse_309,nurse,0,C,C,C
nurse_310,nurse,0,C,C,C
doctor_136,doctor,0,D,E,E
doctor_137,doctor,0,C,D,D
doctor_138,doctor,0,D,B,B
doctor_139,doctor,0,A,A,A
pharm_629,pharm,0,E,E,E
pharm_630,pharm,0,E,E,E
pharm_631,pharm,0,B,B,B
pharm_632,pharm,0,B,B,B
pharm_15,pharm,0,C,C,C
pharm_16,pharm,0,C,C,C
pharm_17,pharm,0,D,D,D
pharm_18,pharm,0,A,A,A
dentist_350,dentist,0,B,C,C
dentist_351,dentist,0,C,C,C
dentist_352,dentist,0,A,C,C
dentist_353,dentist,0,D,D,D
doctor_140,doctor,0,E,E,E
doctor_141,doctor,0,A,A,A
doctor_142,doctor,0,D,D,D
doctor_143,doctor,0,C,C,C
nurse_311,nurse,0,A,A,A
nurse_312,nurse,0,D,D,D
nurse_313,nurse,0,A,A,A
nurse_314,nurse,0,E,E,E
pharm_633,pharm,0,A,A,A
pharm_634,pharm,0,D,D,D
pharm_635,pharm,0,E,E,E
pharm_636,pharm,0,C,C,C
pharm_19,pharm,0,A,A,A
pharm_20,pharm,0,E,E,E
pharm_21,pharm,0,E,E,E
pharm_22,pharm,0,D,D,D
dentist_354,dentist,0,B,B,B
dentist_355,dentist,0,A,D,D
dentist_356,dentist,0,B,B,B
dentist_357,dentist,0,A,E,E
pharm_637,pharm,0,B,B,B
pharm_638,pharm,0,E,E,E
pharm_639,pharm,0,B,B,B
pharm_640,pharm,0,E,E,E
nurse_315,nurse,0,C,C,C
nurse_316,nurse,0,A,A,A
nurse_317,nurse,0,E,E,E
nurse_318,nurse,0,D,D,D
doctor_144,doctor,0,E,E,E
doctor_145,doctor,0,B,A,A
doctor_146,doctor,0,E,D,D
doctor_147,doctor,0,D,D,D
dentist_358,dentist,0,E,E,E
dentist_359,dentist,0,D,E,E
dentist_360,dentist,0,C,C,C
dentist_361,dentist,0,B,A,A
pharm_23,pharm,0,E,E,E
pharm_24,pharm,0,E,E,E
pharm_25,pharm,0,A,A,A
pharm_26,pharm,0,D,D,D
pharm_641,pharm,0,D,D,D
pharm_642,pharm,0,A,A,A
pharm_643,pharm,0,E,E,E
pharm_644,pharm,0,B,B,B
doctor_148,doctor,0,E,D,D
doctor_149,doctor,0,A,A,A
doctor_150,doctor,0,C,C,C
doctor_151,doctor,0,A,C,C
nurse_319,nurse,0,D,D,D
nurse_320,nurse,0,C,C,C
nurse_321,nurse,0,B,B,B
nurse_322,nurse,0,C,C,C
dentist_362,dentist,0,D,D,D
dentist_363,dentist,0,E,C,C
dentist_364,dentist,0,D,E,E
dentist_365,dentist,0,E,C,C
pharm_27,pharm,0,C,C,C
pharm_28,pharm,0,D,D,D
pharm_29,pharm,0,C,C,C
pharm_30,pharm,0,D,A,A
pharm_645,pharm,0,D,D,D
pharm_646,pharm,0,C,C,C
pharm_647,pharm,0,C,C,C
pharm_648,pharm,0,A,A,A
nurse_323,nurse,0,C,C,C
nurse_324,nurse,0,E,E,E
nurse_325,nurse,0,C,C,C
nurse_326,nurse,0,B,B,B
doctor_152,doctor,0,C,C,C
doctor_153,doctor,0,C,C,C
doctor_154,doctor,0,E,E,E
doctor_155,doctor,0,B,B,B
dentist_366,dentist,0,A,D,D
dentist_367,dentist,0,D,C,C
dentist_368,dentist,0,A,E,E
dentist_369,dentist,0,B,B,B
pharm_31,pharm,0,A,A,A
pharm_32,pharm,0,A,A,A
pharm_33,pharm,0,A,A,A
pharm_34,pharm,0,E,E,E
pharm_649,pharm,0,C,C,C
pharm_650,pharm,0,C,C,C
pharm_651,pharm,0,A,A,A
pharm_652,pharm,0,E,E,E
nurse_327,nurse,0,A,A,A
nurse_328,nurse,0,B,B,B
nurse_329,nurse,0,A,A,A
nurse_330,nurse,0,B,B,B
dentist_370,dentist,0,A,E,E
dentist_371,dentist,0,D,D,D
dentist_372,dentist,0,D,D,D
dentist_373,dentist,0,D,D,D
doctor_156,doctor,0,D,D,D
doctor_157,doctor,0,C,C,C
doctor_158,doctor,0,E,E,E
doctor_159,doctor,0,C,C,C
pharm_653,pharm,0,B,B,B
pharm_654,pharm,0,E,E,E
pharm_655,pharm,0,C,C,C
pharm_656,pharm,0,C,C,C
pharm_35,pharm,0,A,A,A
pharm_36,pharm,0,D,D,D
pharm_37,pharm,0,C,C,C
pharm_38,pharm,0,D,B,B
nurse_331,nurse,0,C,C,C
nurse_332,nurse,0,D,D,D
nurse_333,nurse,0,C,E,E
nurse_334,nurse,0,E,E,E
dentist_374,dentist,0,C,D,D
dentist_375,dentist,0,E,E,E
dentist_376,dentist,0,D,D,D
dentist_377,dentist,0,A,A,A
doctor_160,doctor,0,D,A,A
doctor_161,doctor,0,A,A,A
doctor_162,doctor,0,D,D,D
doctor_163,doctor,0,C,E,E
pharm_657,pharm,0,E,E,E
pharm_658,pharm,0,C,C,C
pharm_659,pharm,0,D,D,D
pharm_660,pharm,0,C,C,C
pharm_39,pharm,0,A,A,A
pharm_40,pharm,0,E,E,E
pharm_41,pharm,0,D,D,D
pharm_42,pharm,0,E,E,E
nurse_335,nurse,0,C,C,C
nurse_336,nurse,0,C,C,C
nurse_337,nurse,0,E,E,E
nurse_338,nurse,0,A,B,B
dentist_378,dentist,0,C,C,C
dentist_379,dentist,0,E,E,E
dentist_380,dentist,0,A,E,E
dentist_381,dentist,0,D,D,D
pharm_661,pharm,0,A,A,A
pharm_662,pharm,0,A,A,A
pharm_663,pharm,0,D,D,D
pharm_664,pharm,0,D,D,D
pharm_43,pharm,0,A,B,B
pharm_44,pharm,0,D,D,D
pharm_45,pharm,0,E,E,E
pharm_46,pharm,0,B,B,B
doctor_164,doctor,0,C,C,C
doctor_165,doctor,0,E,E,E
doctor_166,doctor,0,A,A,A
doctor_167,doctor,0,B,B,B
nurse_339,nurse,0,D,D,D
nurse_340,nurse,0,B,B,B
nurse_341,nurse,0,D,D,D
nurse_342,nurse,0,E,E,E
pharm_665,pharm,0,D,D,D
pharm_666,pharm,0,A,A,A
pharm_667,pharm,0,A,A,A
pharm_668,pharm,0,B,B,B
dentist_382,dentist,0,A,A,A
dentist_383,dentist,0,C,C,C
dentist_384,dentist,0,D,B,B
dentist_385,dentist,0,C,D,D
pharm_47,pharm,0,E,E,E
pharm_48,pharm,0,E,E,E
pharm_49,pharm,0,C,C,C
pharm_50,pharm,0,C,C,C
doctor_168,doctor,0,E,E,E
doctor_169,doctor,0,B,E,E
doctor_170,doctor,0,D,D,D
doctor_171,doctor,0,E,E,E
nurse_343,nurse,0,E,E,E
nurse_344,nurse,0,C,C,C
nurse_345,nurse,0,A,A,A
nurse_346,nurse,0,D,D,D
dentist_386,dentist,0,B,B,B
dentist_387,dentist,0,B,B,B
dentist_388,dentist,0,D,D,D
dentist_389,dentist,0,C,C,C
pharm_669,pharm,0,A,D,D
pharm_670,pharm,0,E,E,E
pharm_671,pharm,0,B,B,B
pharm_672,pharm,0,C,C,C
pharm_51,pharm,0,B,B,B
pharm_52,pharm,0,B,B,B
pharm_53,pharm,0,A,A,A
pharm_54,pharm,0,B,B,B
doctor_172,doctor,0,A,A,A
doctor_173,doctor,0,B,B,B
doctor_174,doctor,0,B,B,B
doctor_175,doctor,0,D,D,D
dentist_390,dentist,0,C,C,C
dentist_391,dentist,0,D,D,D
dentist_392,dentist,0,E,E,E
dentist_393,dentist,0,E,E,E
pharm_673,pharm,0,A,A,A
pharm_674,pharm,0,D,D,D
pharm_675,pharm,0,D,D,D
pharm_676,pharm,0,E,E,E
nurse_347,nurse,0,A,A,A
nurse_348,nurse,0,C,C,C
nurse_349,nurse,0,D,D,D
nurse_350,nurse,0,A,A,A
pharm_55,pharm,0,B,B,B
pharm_56,pharm,0,C,C,C
pharm_57,pharm,0,C,C,C
pharm_58,pharm,0,A,A,A
dentist_394,dentist,0,B,B,B
dentist_395,dentist,0,C,C,C
dentist_396,dentist,0,B,D,D
dentist_397,dentist,0,A,A,A
doctor_176,doctor,0,A,A,A
doctor_177,doctor,0,C,D,D
doctor_178,doctor,0,E,E,E
doctor_179,doctor,0,C,C,C
nurse_351,nurse,0,B,B,B
nurse_352,nurse,0,B,B,B
nurse_353,nurse,0,D,D,D
nurse_354,nurse,0,E,E,E
pharm_677,pharm,0,A,A,A
pharm_678,pharm,0,D,D,D
pharm_679,pharm,0,A,A,A
pharm_680,pharm,0,D,D,D
pharm_59,pharm,0,D,D,D
pharm_60,pharm,0,C,C,C
pharm_61,pharm,0,A,D,D
pharm_62,pharm,0,A,A,A
dentist_398,dentist,0,A,A,A
dentist_399,dentist,0,A,A,A
dentist_400,dentist,0,E,E,E
dentist_401,dentist,0,A,A,A
doctor_180,doctor,0,D,D,D
doctor_181,doctor,0,A,A,A
doctor_182,doctor,0,C,C,C
doctor_183,doctor,0,C,D,D
nurse_355,nurse,0,E,E,E
nurse_356,nurse,0,D,D,D
nurse_357,nurse,0,E,E,E
nurse_358,nurse,0,C,C,C
pharm_681,pharm,0,E,E,E
pharm_682,pharm,0,D,D,D
pharm_683,pharm,0,C,C,C
pharm_684,pharm,0,B,B,B
pharm_63,pharm,0,A,A,A
pharm_64,pharm,0,E,E,E
pharm_65,pharm,0,A,D,D
pharm_66,pharm,0,A,A,A
doctor_184,doctor,0,C,C,C
doctor_185,doctor,0,A,A,A
doctor_186,doctor,0,D,D,D
doctor_187,doctor,0,C,C,C
dentist_402,dentist,0,E,E,E
dentist_403,dentist,0,D,D,D
dentist_404,dentist,0,E,E,E
dentist_405,dentist,0,C,C,C
nurse_359,nurse,0,D,D,D
nurse_360,nurse,0,B,B,B
nurse_361,nurse,0,A,A,A
nurse_362,nurse,0,B,E,E
pharm_685,pharm,0,B,B,B
pharm_686,pharm,0,A,A,A
pharm_687,pharm,0,B,B,B
pharm_688,pharm,0,C,C,C
pharm_67,pharm,0,A,A,A
pharm_68,pharm,0,A,A,A
pharm_69,pharm,0,B,B,B
pharm_70,pharm,0,E,E,E
dentist_406,dentist,0,A,A,A
dentist_407,dentist,0,C,C,C
dentist_408,dentist,0,B,B,B
dentist_409,dentist,0,C,C,C
doctor_188,doctor,0,B,B,B
doctor_189,doctor,0,C,C,C
doctor_190,doctor,0,D,D,D
doctor_191,doctor,0,E,D,D
nurse_363,nurse,0,C,C,C
nurse_364,nurse,0,A,E,E
nurse_365,nurse,0,B,B,B
nurse_366,nurse,0,D,D,D
pharm_689,pharm,0,D,D,D
pharm_690,pharm,0,E,E,E
pharm_691,pharm,0,B,B,B
pharm_692,pharm,0,A,A,A
pharm_71,pharm,0,A,A,A
pharm_72,pharm,0,E,E,E
pharm_73,pharm,0,E,E,E
pharm_74,pharm,0,C,C,C
dentist_410,dentist,0,B,B,B
dentist_411,dentist,0,A,A,A
dentist_412,dentist,0,E,E,E
dentist_413,dentist,0,D,D,D
doctor_192,doctor,0,D,D,D
doctor_193,doctor,0,A,A,A
doctor_194,doctor,0,B,B,B
doctor_195,doctor,0,E,E,E
pharm_693,pharm,0,A,A,A
pharm_694,pharm,0,A,A,A
pharm_695,pharm,0,D,D,D
pharm_696,pharm,0,B,B,B
nurse_367,nurse,0,B,B,B
nurse_368,nurse,0,D,D,D
nurse_369,nurse,0,D,D,D
nurse_370,nurse,0,A,A,A
pharm_75,pharm,0,A,A,A
pharm_76,pharm,0,E,E,E
pharm_77,pharm,0,A,A,A
pharm_78,pharm,0,E,E,E
dentist_414,dentist,0,B,B,B
dentist_415,dentist,0,C,C,C
dentist_416,dentist,0,D,D,D
dentist_417,dentist,0,A,A,A
doctor_196,doctor,0,E,E,E
doctor_197,doctor,0,E,E,E
doctor_198,doctor,0,C,C,C
doctor_199,doctor,0,C,C,C
nurse_371,nurse,0,E,E,E
nurse_372,nurse,0,D,D,D
nurse_373,nurse,0,C,C,C
nurse_374,nurse,0,E,E,E
pharm_697,pharm,0,C,C,C
pharm_698,pharm,0,E,E,E
pharm_699,pharm,0,D,D,D
pharm_700,pharm,0,C,C,C
pharm_79,pharm,0,E,E,E
pharm_80,pharm,0,E,E,E
pharm_81,pharm,0,C,C,C
pharm_82,pharm,0,C,C,C
doctor_200,doctor,0,C,C,C
doctor_201,doctor,0,C,C,C
doctor_202,doctor,0,B,B,B
doctor_203,doctor,0,D,D,D
dentist_418,dentist,0,E,E,E
dentist_419,dentist,0,D,D,D
dentist_420,dentist,0,E,E,E
dentist_421,dentist,0,A,A,A
nurse_375,nurse,0,D,C,C
nurse_376,nurse,0,A,A,A
nurse_377,nurse,0,C,C,C
nurse_378,nurse,0,C,C,C
pharm_701,pharm,0,E,E,E
pharm_702,pharm,0,A,A,A
pharm_703,pharm,0,C,C,C
pharm_704,pharm,0,D,D,D
pharm_83,pharm,0,B,B,B
pharm_84,pharm,0,C,C,C
pharm_85,pharm,0,E,E,E
pharm_86,pharm,0,B,B,B
doctor_204,doctor,0,D,D,D
doctor_205,doctor,0,A,A,A
doctor_206,doctor,0,D,D,D
doctor_207,doctor,0,B,B,B
dentist_422,dentist,0,C,C,C
dentist_423,dentist,0,E,E,E
dentist_424,dentist,0,E,B,B
dentist_425,dentist,0,A,A,A
nurse_379,nurse,0,B,B,B
nurse_380,nurse,0,A,A,A
nurse_381,nurse,0,E,A,A
nurse_382,nurse,0,B,B,B
pharm_705,pharm,0,B,B,B
pharm_706,pharm,0,A,A,A
pharm_707,pharm,0,B,B,B
pharm_708,pharm,0,D,D,D
pharm_87,pharm,0,C,C,C
pharm_88,pharm,0,A,A,A
pharm_89,pharm,0,E,E,E
pharm_90,pharm,0,E,B,B
dentist_426,dentist,0,B,B,B
dentist_427,dentist,0,C,E,E
dentist_428,dentist,0,D,B,B
dentist_429,dentist,0,A,A,A
doctor_208,doctor,0,E,C,C
doctor_209,doctor,0,D,D,D
doctor_210,doctor,0,A,C,C
doctor_211,doctor,0,D,D,D
nurse_383,nurse,0,B,B,B
nurse_384,nurse,0,C,C,C
nurse_385,nurse,0,D,D,D
nurse_386,nurse,0,B,B,B
pharm_91,pharm,0,A,A,A
pharm_92,pharm,0,A,C,C
pharm_93,pharm,0,B,B,B
pharm_94,pharm,0,A,A,A
pharm_709,pharm,0,D,C,C
pharm_710,pharm,0,B,C,C
pharm_711,pharm,0,E,E,E
pharm_712,pharm,0,C,C,C
dentist_430,dentist,0,C,C,C
dentist_431,dentist,0,A,C,C
dentist_432,dentist,0,E,E,E
dentist_433,dentist,0,C,C,C
nurse_387,nurse,0,D,D,D
nurse_388,nurse,0,E,E,E
nurse_389,nurse,0,B,B,B
nurse_390,nurse,0,B,B,B
doctor_212,doctor,0,E,E,E
doctor_213,doctor,0,A,A,A
doctor_214,doctor,0,A,A,A
doctor_215,doctor,0,D,D,D
pharm_95,pharm,0,C,C,C
pharm_96,pharm,0,D,D,D
pharm_97,pharm,0,C,C,C
pharm_98,pharm,0,B,B,B
pharm_713,pharm,0,C,C,C
pharm_714,pharm,0,B,B,B
pharm_715,pharm,0,B,B,B
pharm_716,pharm,0,E,D,D
dentist_434,dentist,0,B,D,D
dentist_435,dentist,0,B,B,B
dentist_436,dentist,0,C,C,C
dentist_437,dentist,0,E,B,B
doctor_216,doctor,0,D,D,D
doctor_217,doctor,0,A,A,A
doctor_218,doctor,0,D,D,D
doctor_219,doctor,0,B,B,B
nurse_391,nurse,0,A,A,A
nurse_392,nurse,0,A,A,A
nurse_393,nurse,0,C,C,C
nurse_394,nurse,0,A,A,A
pharm_99,pharm,0,E,E,E
pharm_100,pharm,0,B,B,B
pharm_101,pharm,0,E,E,E
pharm_102,pharm,0,C,C,C
pharm_717,pharm,0,D,A,A
pharm_718,pharm,0,D,B,B
pharm_719,pharm,0,C,E,E
pharm_720,pharm,0,D,A,A
dentist_438,dentist,0,B,B,B
dentist_439,dentist,0,D,D,D
dentist_440,dentist,0,E,E,E
dentist_441,dentist,0,A,A,A
doctor_220,doctor,0,A,A,A
doctor_221,doctor,0,E,E,E
doctor_222,doctor,0,C,C,C
doctor_223,doctor,0,E,A,A
nurse_395,nurse,0,E,D,D
nurse_396,nurse,0,E,E,E
nurse_397,nurse,0,D,D,D
nurse_398,nurse,0,C,C,C
pharm_103,pharm,0,C,C,C
pharm_104,pharm,0,D,D,D
pharm_105,pharm,0,A,A,A
pharm_106,pharm,0,E,E,E
pharm_721,pharm,0,E,E,E
pharm_722,pharm,0,B,C,C
pharm_723,pharm,0,B,B,B
pharm_724,pharm,0,A,A,A
dentist_442,dentist,0,A,A,A
dentist_443,dentist,0,E,C,C
dentist_444,dentist,0,B,D,D
dentist_445,dentist,0,A,A,A
doctor_224,doctor,0,A,A,A
doctor_225,doctor,0,E,E,E
doctor_226,doctor,0,C,C,C
doctor_227,doctor,0,D,D,D
nurse_399,nurse,0,C,C,C
nurse_400,nurse,0,D,D,D
nurse_401,nurse,0,C,C,C
nurse_402,nurse,0,C,C,C
pharm_107,pharm,0,E,E,E
pharm_108,pharm,0,D,D,D
pharm_109,pharm,0,C,C,C
pharm_110,pharm,0,C,A,A
pharm_725,pharm,0,C,C,C
pharm_726,pharm,0,A,A,A
pharm_727,pharm,0,C,C,C
pharm_728,pharm,0,A,A,A
dentist_446,dentist,0,E,E,E
dentist_447,dentist,0,D,D,D
dentist_448,dentist,0,E,E,E
dentist_449,dentist,0,A,A,A
nurse_403,nurse,0,E,E,E
nurse_404,nurse,0,A,A,A
nurse_405,nurse,0,C,C,C
nurse_406,nurse,0,A,A,A
doctor_228,doctor,0,D,D,D
doctor_229,doctor,0,D,D,D
doctor_230,doctor,0,B,B,B
doctor_231,doctor,0,C,C,C
pharm_111,pharm,0,B,B,B
pharm_112,pharm,0,D,B,B
pharm_113,pharm,0,A,A,A
pharm_114,pharm,0,C,E,E
dentist_450,dentist,0,A,B,B
dentist_451,dentist,0,E,B,B
dentist_452,dentist,0,B,E,E
dentist_453,dentist,0,D,D,D
pharm_729,pharm,0,B,B,B
pharm_730,pharm,0,E,E,E
pharm_731,pharm,0,D,D,D
pharm_732,pharm,0,C,C,C
nurse_407,nurse,0,C,C,C
nurse_408,nurse,0,D,D,D
nurse_409,nurse,0,A,A,A
nurse_410,nurse,0,B,B,B
doctor_232,doctor,0,A,A,A
doctor_233,doctor,0,B,B,B
doctor_234,doctor,0,B,B,B
doctor_235,doctor,0,C,C,C
pharm_115,pharm,0,D,D,D
pharm_116,pharm,0,E,E,E
pharm_117,pharm,0,D,D,D
pharm_118,pharm,0,D,D,D
dentist_454,dentist,0,D,D,D
dentist_455,dentist,0,C,C,C
dentist_456,dentist,0,A,E,E
dentist_457,dentist,0,A,A,A
pharm_733,pharm,0,B,B,B
pharm_734,pharm,0,A,A,A
pharm_735,pharm,0,C,B,B
pharm_736,pharm,0,C,C,C
nurse_411,nurse,0,E,E,E
nurse_412,nurse,0,C,A,A
nurse_413,nurse,0,A,C,C
nurse_414,nurse,0,B,B,B
doctor_236,doctor,0,E,A,A
doctor_237,doctor,0,E,E,E
doctor_238,doctor,0,A,A,A
doctor_239,doctor,0,A,A,A
pharm_119,pharm,0,E,E,E
pharm_120,pharm,0,E,E,E
pharm_121,pharm,0,A,A,A
pharm_122,pharm,0,B,D,D
dentist_458,dentist,0,D,D,D
dentist_459,dentist,0,A,A,A
dentist_460,dentist,0,D,D,D
dentist_461,dentist,0,E,E,E
pharm_737,pharm,0,C,C,C
pharm_738,pharm,0,B,B,B
pharm_739,pharm,0,D,D,D
pharm_740,pharm,0,C,C,C
nurse_415,nurse,0,C,C,C
nurse_416,nurse,0,D,D,D
nurse_417,nurse,0,E,E,E
nurse_418,nurse,0,A,A,A
doctor_240,doctor,0,C,C,C
doctor_241,doctor,0,E,E,E
doctor_242,doctor,0,B,D,D
doctor_243,doctor,0,D,D,D
pharm_123,pharm,0,C,C,C
pharm_124,pharm,0,E,E,E
pharm_125,pharm,0,D,E,E
pharm_126,pharm,0,B,B,B
dentist_462,dentist,0,B,B,B
dentist_463,dentist,0,C,B,B
dentist_464,dentist,0,E,E,E
dentist_465,dentist,0,C,C,C
pharm_741,pharm,0,A,A,A
pharm_742,pharm,0,D,D,D
pharm_743,pharm,0,D,D,D
pharm_744,pharm,0,E,D,D
nurse_419,nurse,0,D,D,D
nurse_420,nurse,0,D,D,D
nurse_421,nurse,0,E,E,E
nurse_422,nurse,0,C,C,C
dentist_466,dentist,0,B,B,B
dentist_467,dentist,0,E,E,E
dentist_468,dentist,0,B,B,B
dentist_469,dentist,0,A,E,E
doctor_244,doctor,0,B,E,E
doctor_245,doctor,0,A,A,A
doctor_246,doctor,0,E,E,E
doctor_247,doctor,0,E,E,E
pharm_127,pharm,0,A,A,A
pharm_128,pharm,0,E,B,B
pharm_129,pharm,0,C,C,C
pharm_130,pharm,0,B,B,B
pharm_745,pharm,0,E,E,E
pharm_746,pharm,0,A,A,A
pharm_747,pharm,0,E,E,E
pharm_748,pharm,0,B,B,B
nurse_423,nurse,0,E,E,E
nurse_424,nurse,0,E,E,E
nurse_425,nurse,0,E,E,E
nurse_426,nurse,0,B,B,B
dentist_470,dentist,0,D,D,D
dentist_471,dentist,0,E,E,E
dentist_472,dentist,0,C,C,C
dentist_473,dentist,0,C,C,C
doctor_248,doctor,0,B,B,B
doctor_249,doctor,0,A,A,A
doctor_250,doctor,0,A,A,A
doctor_251,doctor,0,B,B,B
pharm_131,pharm,0,E,E,E
pharm_132,pharm,0,B,C,C
pharm_133,pharm,0,B,B,B
pharm_134,pharm,0,E,E,E
pharm_749,pharm,0,E,E,E
pharm_750,pharm,0,D,D,D
pharm_751,pharm,0,A,A,A
pharm_752,pharm,0,E,B,B
nurse_427,nurse,0,D,D,D
nurse_428,nurse,0,D,D,D
nurse_429,nurse,0,D,D,D
nurse_430,nurse,0,E,E,E
dentist_474,dentist,0,B,B,B
dentist_475,dentist,0,B,B,B
dentist_476,dentist,0,E,E,E
dentist_477,dentist,0,D,D,D
doctor_252,doctor,0,E,E,E
doctor_253,doctor,0,C,C,C
doctor_254,doctor,0,C,E,E
doctor_255,doctor,0,B,B,B
pharm_753,pharm,0,D,D,D
pharm_754,pharm,0,A,A,A
pharm_755,pharm,0,E,E,E
pharm_756,pharm,0,E,E,E
pharm_135,pharm,0,C,D,D
pharm_136,pharm,0,C,C,C
pharm_137,pharm,0,C,D,D
pharm_138,pharm,0,D,D,D
nurse_431,nurse,0,B,B,B
nurse_432,nurse,0,A,A,A
nurse_433,nurse,0,E,E,E
nurse_434,nurse,0,B,B,B
dentist_478,dentist,0,E,E,E
dentist_479,dentist,0,C,C,C
dentist_480,dentist,0,E,E,E
dentist_481,dentist,0,D,E,E
pharm_757,pharm,0,B,B,B
pharm_758,pharm,0,A,A,A
pharm_759,pharm,0,A,A,A
pharm_760,pharm,0,D,D,D
doctor_256,doctor,0,D,D,D
doctor_257,doctor,0,E,E,E
doctor_258,doctor,0,E,E,E
doctor_259,doctor,0,B,B,B
pharm_139,pharm,0,E,E,E
pharm_140,pharm,0,A,A,A
pharm_141,pharm,0,E,E,E
pharm_142,pharm,0,B,B,B
nurse_435,nurse,0,B,B,B
nurse_436,nurse,0,E,E,E
nurse_437,nurse,0,A,A,A
nurse_438,nurse,0,C,C,C
dentist_482,dentist,0,A,A,A
dentist_483,dentist,0,B,B,B
dentist_484,dentist,0,A,C,C
dentist_485,dentist,0,A,D,D
doctor_260,doctor,0,B,B,B
doctor_261,doctor,0,A,E,E
doctor_262,doctor,0,D,D,D
doctor_263,doctor,0,D,D,D
pharm_761,pharm,0,E,E,E
pharm_762,pharm,0,E,D,D
pharm_763,pharm,0,D,D,D
pharm_764,pharm,0,E,E,E
pharm_143,pharm,0,A,A,A
pharm_144,pharm,0,D,D,D
pharm_145,pharm,0,B,B,B
pharm_146,pharm,0,D,D,D
nurse_439,nurse,0,A,A,A
nurse_440,nurse,0,C,C,C
nurse_441,nurse,0,A,A,A
nurse_442,nurse,0,C,C,C
dentist_486,dentist,0,C,C,C
dentist_487,dentist,0,D,E,E
dentist_488,dentist,0,B,B,B
dentist_489,dentist,0,E,E,E
doctor_264,doctor,0,B,B,B
doctor_265,doctor,0,D,E,E
doctor_266,doctor,0,B,B,B
doctor_267,doctor,0,A,E,E
pharm_765,pharm,0,E,B,B
pharm_766,pharm,0,D,D,D
pharm_767,pharm,0,B,D,D
pharm_768,pharm,0,D,C,C
nurse_443,nurse,0,E,E,E
nurse_444,nurse,0,D,D,D
nurse_445,nurse,0,C,C,C
nurse_446,nurse,0,E,B,B
dentist_490,dentist,0,E,E,E
dentist_491,dentist,0,D,E,E
dentist_492,dentist,0,B,B,B
dentist_493,dentist,0,E,E,E
nurse_447,nurse,0,C,C,C
nurse_448,nurse,0,B,B,B
nurse_449,nurse,0,D,D,D
nurse_450,nurse,0,E,E,E
doctor_268,doctor,0,E,E,E
doctor_269,doctor,0,A,A,A
doctor_270,doctor,0,E,E,E
doctor_271,doctor,0,A,A,A
pharm_769,pharm,0,A,A,A
pharm_770,pharm,0,C,C,C
pharm_771,pharm,0,A,A,A
pharm_772,pharm,0,D,D,D
dentist_494,dentist,0,A,C,C
dentist_495,dentist,0,D,E,E
dentist_496,dentist,0,D,D,D
dentist_497,dentist,0,E,E,E
nurse_451,nurse,0,B,B,B
nurse_452,nurse,0,C,C,C
nurse_453,nurse,0,D,D,D
nurse_454,nurse,0,D,D,D
doctor_272,doctor,0,B,E,E
doctor_273,doctor,0,E,E,E
doctor_274,doctor,0,D,D,D
doctor_275,doctor,0,D,D,D
pharm_773,pharm,0,E,E,E
pharm_774,pharm,0,D,D,D
pharm_775,pharm,0,A,A,A
pharm_776,pharm,0,D,D,D
dentist_498,dentist,0,B,B,B
dentist_499,dentist,0,B,D,D
dentist_500,dentist,0,C,D,D
dentist_501,dentist,0,C,C,C
nurse_455,nurse,0,D,D,D
nurse_456,nurse,0,E,E,E
nurse_457,nurse,0,B,B,B
nurse_458,nurse,0,A,A,A
doctor_276,doctor,0,A,C,C
doctor_277,doctor,0,D,D,D
doctor_278,doctor,0,C,C,C
doctor_279,doctor,0,B,B,B
nurse_459,nurse,0,E,E,E
nurse_460,nurse,0,A,A,A
nurse_461,nurse,0,B,B,B
nurse_462,nurse,0,A,A,A
pharm_777,pharm,0,D,D,D
pharm_778,pharm,0,A,A,A
pharm_779,pharm,0,D,D,D
pharm_780,pharm,0,E,E,E
dentist_502,dentist,0,B,B,B
dentist_503,dentist,0,D,D,D
dentist_504,dentist,0,C,B,B
dentist_505,dentist,0,C,C,C
doctor_280,doctor,0,E,E,E
doctor_281,doctor,0,A,A,A
doctor_282,doctor,0,B,B,B
doctor_283,doctor,0,E,E,E
dentist_506,dentist,0,E,E,E
dentist_507,dentist,0,C,C,C
dentist_508,dentist,0,C,C,C
dentist_509,dentist,0,E,E,E
pharm_781,pharm,0,D,D,D
pharm_782,pharm,0,B,B,B
pharm_783,pharm,0,C,C,C
pharm_784,pharm,0,E,E,E
nurse_463,nurse,0,C,C,C
nurse_464,nurse,0,A,A,A
nurse_465,nurse,0,D,D,D
nurse_466,nurse,0,B,B,B
doctor_284,doctor,0,E,E,E
doctor_285,doctor,0,A,A,A
doctor_286,doctor,0,C,C,C
doctor_287,doctor,0,B,C,C
dentist_510,dentist,0,C,C,C
dentist_511,dentist,0,D,D,D
dentist_512,dentist,0,D,D,D
dentist_513,dentist,0,A,A,A
nurse_467,nurse,0,B,D,D
nurse_468,nurse,0,A,A,A
nurse_469,nurse,0,A,A,A
nurse_470,nurse,0,C,C,C
pharm_785,pharm,0,C,C,C
pharm_786,pharm,0,B,B,B
pharm_787,pharm,0,E,E,E
pharm_788,pharm,0,D,D,D
doctor_288,doctor,0,E,D,D
doctor_289,doctor,0,C,B,B
doctor_290,doctor,0,A,E,E
doctor_291,doctor,0,B,B,B
dentist_514,dentist,0,E,C,C
dentist_515,dentist,0,C,C,C
dentist_516,dentist,0,B,B,B
dentist_517,dentist,0,B,D,D
nurse_471,nurse,0,A,A,A
nurse_472,nurse,0,D,D,D
nurse_473,nurse,0,E,E,E
nurse_474,nurse,0,C,C,C
pharm_789,pharm,0,A,A,A
pharm_790,pharm,0,A,A,A
pharm_791,pharm,0,E,D,D
pharm_792,pharm,0,D,D,D
doctor_292,doctor,0,E,E,E
doctor_293,doctor,0,E,D,D
doctor_294,doctor,0,D,D,D
doctor_295,doctor,0,A,D,D
pharm_147,pharm,0,C,C,C
pharm_148,pharm,0,B,B,B
pharm_149,pharm,0,D,D,D
pharm_150,pharm,0,D,D,D
nurse_475,nurse,0,B,B,B
nurse_476,nurse,0,A,A,A
nurse_477,nurse,0,E,E,E
nurse_478,nurse,0,B,B,B
dentist_518,dentist,0,C,C,C
dentist_519,dentist,0,E,E,E
dentist_520,dentist,0,C,C,C
dentist_521,dentist,0,D,D,D
pharm_793,pharm,0,C,C,C
pharm_794,pharm,0,C,C,C
pharm_795,pharm,0,E,E,E
pharm_796,pharm,0,B,B,B
doctor_296,doctor,0,A,A,A
doctor_297,doctor,0,B,B,B
doctor_298,doctor,0,E,D,D
doctor_299,doctor,0,C,C,C
pharm_151,pharm,0,E,E,E
pharm_152,pharm,0,B,E,E
pharm_153,pharm,0,E,E,E
pharm_154,pharm,0,C,C,C
dentist_522,dentist,0,B,D,D
dentist_523,dentist,0,B,B,B
dentist_524,dentist,0,E,E,E
dentist_525,dentist,0,A,D,D
pharm_797,pharm,0,A,B,B
pharm_798,pharm,0,E,D,D
pharm_799,pharm,0,E,E,E
pharm_800,pharm,0,C,C,C
doctor_300,doctor,0,C,C,C
doctor_301,doctor,0,D,C,C
doctor_302,doctor,0,B,B,B
doctor_303,doctor,0,A,A,A
dentist_526,dentist,0,B,B,B
dentist_527,dentist,0,A,A,A
dentist_528,dentist,0,D,D,D
dentist_529,dentist,0,E,E,E
pharm_155,pharm,0,C,C,C
pharm_156,pharm,0,D,D,D
pharm_157,pharm,0,E,E,E
pharm_158,pharm,0,A,A,A
pharm_801,pharm,0,A,A,A
pharm_802,pharm,0,E,E,E
pharm_803,pharm,0,A,A,A
pharm_804,pharm,0,A,A,A
doctor_304,doctor,0,D,D,D
doctor_305,doctor,0,A,A,A
doctor_306,doctor,0,C,C,C
doctor_307,doctor,0,A,E,E
dentist_530,dentist,0,E,E,E
dentist_531,dentist,0,C,C,C
dentist_532,dentist,0,C,C,C
dentist_533,dentist,0,D,D,D
pharm_159,pharm,0,E,D,D
pharm_160,pharm,0,A,E,E
pharm_161,pharm,0,C,C,C
pharm_162,pharm,0,D,D,D
dentist_534,dentist,0,B,B,B
dentist_535,dentist,0,A,B,B
dentist_536,dentist,0,D,D,D
dentist_537,dentist,0,A,D,D
pharm_805,pharm,0,E,E,E
pharm_806,pharm,0,C,C,C
pharm_807,pharm,0,A,A,A
pharm_808,pharm,0,B,B,B
doctor_308,doctor,0,B,B,B
doctor_309,doctor,0,A,C,C
doctor_310,doctor,0,A,A,A
doctor_311,doctor,0,C,C,C
pharm_163,pharm,0,A,A,A
pharm_164,pharm,0,A,A,A
pharm_165,pharm,0,C,C,C
pharm_166,pharm,0,A,E,E
dentist_538,dentist,0,E,E,E
dentist_539,dentist,0,A,B,B
dentist_540,dentist,0,B,B,B
dentist_541,dentist,0,E,E,E
pharm_809,pharm,0,D,D,D
pharm_810,pharm,0,A,A,A
pharm_811,pharm,0,E,E,E
pharm_812,pharm,0,A,A,A
doctor_312,doctor,0,E,E,E
doctor_313,doctor,0,A,A,A
doctor_314,doctor,0,C,C,C
doctor_315,doctor,0,D,D,D
nurse_479,nurse,0,A,A,A
nurse_480,nurse,0,D,D,D
nurse_481,nurse,0,B,B,B
nurse_482,nurse,0,D,D,D
pharm_167,pharm,0,E,D,D
pharm_168,pharm,0,D,D,D
pharm_169,pharm,0,E,E,E
pharm_170,pharm,0,A,A,A
pharm_813,pharm,0,B,B,B
pharm_814,pharm,0,D,D,D
pharm_815,pharm,0,B,B,B
pharm_816,pharm,0,B,C,C
dentist_542,dentist,0,C,B,B
dentist_543,dentist,0,C,B,B
dentist_544,dentist,0,D,C,C
dentist_545,dentist,0,A,E,E
doctor_316,doctor,0,C,C,C
doctor_317,doctor,0,D,A,A
doctor_318,doctor,0,E,E,E
doctor_319,doctor,0,D,D,D
nurse_483,nurse,0,E,D,D
nurse_484,nurse,0,D,D,D
nurse_485,nurse,0,E,E,E
nurse_486,nurse,0,D,D,D
pharm_171,pharm,0,E,E,E
pharm_172,pharm,0,A,A,A
pharm_173,pharm,0,D,D,D
pharm_174,pharm,0,E,E,E
pharm_817,pharm,0,D,D,D
pharm_818,pharm,0,A,A,A
pharm_819,pharm,0,E,D,D
pharm_820,pharm,0,B,B,B
dentist_546,dentist,0,B,E,E
dentist_547,dentist,0,B,B,B
dentist_548,dentist,0,D,B,B
dentist_549,dentist,0,D,C,C
pharm_175,pharm,0,D,D,D
pharm_176,pharm,0,E,E,E
pharm_177,pharm,0,D,D,D
pharm_178,pharm,0,D,D,D
doctor_320,doctor,0,A,A,A
doctor_321,doctor,0,D,A,A
doctor_322,doctor,0,B,B,B
doctor_323,doctor,0,C,C,C
nurse_487,nurse,0,B,B,B
nurse_488,nurse,0,D,D,D
nurse_489,nurse,0,B,B,B
nurse_490,nurse,0,B,B,B
doctor_324,doctor,0,E,E,E
doctor_325,doctor,0,B,B,B
doctor_326,doctor,0,A,A,A
doctor_327,doctor,0,E,E,E
pharm_821,pharm,0,D,D,D
pharm_822,pharm,0,B,B,B
pharm_823,pharm,0,E,D,D
pharm_824,pharm,0,C,C,C
pharm_179,pharm,0,D,D,D
pharm_180,pharm,0,B,B,B
pharm_181,pharm,0,D,D,D
pharm_182,pharm,0,A,A,A
dentist_550,dentist,0,C,E,E
dentist_551,dentist,0,B,B,B
dentist_552,dentist,0,A,C,C
dentist_553,dentist,0,E,E,E
nurse_491,nurse,0,C,C,C
nurse_492,nurse,0,E,E,E
nurse_493,nurse,0,C,C,C
nurse_494,nurse,0,D,D,D
doctor_328,doctor,0,C,C,C
doctor_329,doctor,0,E,E,E
doctor_330,doctor,0,D,D,D
doctor_331,doctor,0,B,B,B
pharm_825,pharm,0,B,D,D
pharm_826,pharm,0,E,E,E
pharm_827,pharm,0,A,A,A
pharm_828,pharm,0,E,E,E
pharm_183,pharm,0,C,C,C
pharm_184,pharm,0,E,A,A
pharm_185,pharm,0,D,D,D
pharm_186,pharm,0,D,D,D
dentist_554,dentist,0,C,C,C
dentist_555,dentist,0,D,C,C
dentist_556,dentist,0,B,B,B
dentist_557,dentist,0,A,A,A
nurse_495,nurse,0,A,A,A
nurse_496,nurse,0,B,B,B
nurse_497,nurse,0,A,A,A
nurse_498,nurse,0,E,E,E
doctor_332,doctor,0,E,E,E
doctor_333,doctor,0,C,C,C
doctor_334,doctor,0,A,D,D
doctor_335,doctor,0,E,D,D
pharm_829,pharm,0,C,B,B
pharm_830,pharm,0,C,C,C
pharm_831,pharm,0,E,E,E
pharm_832,pharm,0,E,E,E
pharm_187,pharm,0,B,B,B
pharm_188,pharm,0,E,E,E
pharm_189,pharm,0,C,C,C
pharm_190,pharm,0,C,C,C
dentist_558,dentist,0,E,E,E
dentist_559,dentist,0,D,C,C
dentist_560,dentist,0,C,C,C
dentist_561,dentist,0,E,C,C
doctor_336,doctor,0,A,C,C
doctor_337,doctor,0,B,B,B
doctor_338,doctor,0,D,D,D
doctor_339,doctor,0,A,A,A
nurse_499,nurse,0,E,E,E
nurse_500,nurse,0,C,C,C
nurse_501,nurse,0,C,C,C
nurse_502,nurse,0,C,C,C
pharm_833,pharm,0,C,C,C
pharm_834,pharm,0,A,E,E
pharm_835,pharm,0,D,D,D
pharm_836,pharm,0,E,E,E
dentist_562,dentist,0,E,E,E
dentist_563,dentist,0,C,C,C
dentist_564,dentist,0,C,E,E
dentist_565,dentist,0,B,B,B
pharm_191,pharm,0,D,B,B
pharm_192,pharm,0,B,B,B
pharm_193,pharm,0,B,B,B
pharm_194,pharm,0,B,B,B
doctor_340,doctor,0,D,D,D
doctor_341,doctor,0,D,D,D
doctor_342,doctor,0,A,A,A
doctor_343,doctor,0,B,B,B
nurse_503,nurse,0,C,C,C
nurse_504,nurse,0,D,E,E
nurse_505,nurse,0,A,A,A
nurse_506,nurse,0,D,D,D
pharm_837,pharm,0,A,C,C
pharm_838,pharm,0,A,A,A
pharm_839,pharm,0,B,B,B
pharm_840,pharm,0,D,D,D
dentist_566,dentist,0,A,A,A
dentist_567,dentist,0,B,B,B
dentist_568,dentist,0,B,B,B
dentist_569,dentist,0,A,C,C
pharm_195,pharm,0,D,D,D
pharm_196,pharm,0,C,C,C
pharm_197,pharm,0,D,D,D
pharm_198,pharm,0,C,C,C
doctor_344,doctor,0,E,E,E
doctor_345,doctor,0,D,C,C
doctor_346,doctor,0,C,C,C
doctor_347,doctor,0,A,A,A
nurse_507,nurse,0,B,B,B
nurse_508,nurse,0,E,B,B
nurse_509,nurse,0,A,A,A
nurse_510,nurse,0,A,A,A
pharm_841,pharm,0,B,B,B
pharm_842,pharm,0,C,B,B
pharm_843,pharm,0,D,D,D
pharm_844,pharm,0,A,B,B
dentist_570,dentist,0,C,C,C
dentist_571,dentist,0,C,B,B
dentist_572,dentist,0,C,D,D
dentist_573,dentist,0,B,C,C
pharm_199,pharm,0,D,D,D
pharm_200,pharm,0,C,C,C
pharm_201,pharm,0,E,E,E
pharm_202,pharm,0,D,D,D
doctor_348,doctor,0,D,D,D
doctor_349,doctor,0,C,C,C
doctor_350,doctor,0,D,D,D
doctor_351,doctor,0,E,E,E
nurse_511,nurse,0,C,C,C
nurse_512,nurse,0,D,D,D
nurse_513,nurse,0,B,B,B
nurse_514,nurse,0,C,C,C
pharm_845,pharm,0,D,C,C
pharm_846,pharm,0,D,D,D
pharm_847,pharm,0,A,A,A
pharm_848,pharm,0,B,B,B
dentist_574,dentist,0,E,E,E
dentist_575,dentist,0,C,C,C
dentist_576,dentist,0,B,C,C
dentist_577,dentist,0,A,E,E
pharm_203,pharm,0,D,D,D
pharm_204,pharm,0,C,C,C
pharm_205,pharm,0,D,D,D
pharm_206,pharm,0,A,A,A
pharm_849,pharm,0,B,B,B
pharm_850,pharm,0,C,C,C
pharm_851,pharm,0,E,E,E
pharm_852,pharm,0,E,E,E
doctor_352,doctor,0,E,E,E
doctor_353,doctor,0,C,C,C
doctor_354,doctor,0,B,B,B
doctor_355,doctor,0,A,C,C
nurse_515,nurse,0,E,E,E
nurse_516,nurse,0,A,A,A
nurse_517,nurse,0,C,C,C
nurse_518,nurse,0,B,E,E
dentist_578,dentist,0,A,A,A
dentist_579,dentist,0,E,D,D
dentist_580,dentist,0,B,D,D
dentist_581,dentist,0,E,E,E
pharm_207,pharm,0,E,E,E
pharm_208,pharm,0,D,D,D
pharm_209,pharm,0,E,E,E
pharm_210,pharm,0,D,D,D
pharm_853,pharm,0,D,D,D
pharm_854,pharm,0,C,C,C
pharm_855,pharm,0,D,D,D
pharm_856,pharm,0,C,C,C
doctor_356,doctor,0,E,E,E
doctor_357,doctor,0,A,A,A
doctor_358,doctor,0,D,D,D
doctor_359,doctor,0,A,A,A
nurse_519,nurse,0,D,D,D
nurse_520,nurse,0,D,D,D
nurse_521,nurse,0,E,E,E
nurse_522,nurse,0,D,D,D
dentist_582,dentist,0,D,C,C
dentist_583,dentist,0,D,E,E
dentist_584,dentist,0,E,E,E
dentist_585,dentist,0,C,A,A
pharm_211,pharm,0,A,A,A
pharm_212,pharm,0,C,C,C
pharm_213,pharm,0,E,E,E
pharm_214,pharm,0,C,C,C
pharm_857,pharm,0,A,A,A
pharm_858,pharm,0,E,E,E
pharm_859,pharm,0,A,A,A
pharm_860,pharm,0,D,D,D
doctor_360,doctor,0,A,A,A
doctor_361,doctor,0,E,E,E
doctor_362,doctor,0,B,B,B
doctor_363,doctor,0,B,B,B
nurse_523,nurse,0,B,B,B
nurse_524,nurse,0,A,A,A
nurse_525,nurse,0,A,C,C
nurse_526,nurse,0,C,C,C
dentist_586,dentist,0,A,B,B
dentist_587,dentist,0,D,D,D
dentist_588,dentist,0,E,C,C
dentist_589,dentist,0,C,C,C
pharm_215,pharm,0,D,D,D
pharm_216,pharm,0,A,B,B
pharm_217,pharm,0,C,C,C
pharm_218,pharm,0,C,C,C
pharm_861,pharm,0,A,A,A
pharm_862,pharm,0,D,D,D
pharm_863,pharm,0,D,D,D
pharm_864,pharm,0,C,C,C
nurse_527,nurse,0,E,E,E
nurse_528,nurse,0,E,E,E
nurse_529,nurse,0,A,A,A
nurse_530,nurse,0,C,C,C
doctor_364,doctor,0,A,A,A
doctor_365,doctor,0,B,B,B
doctor_366,doctor,0,A,A,A
doctor_367,doctor,0,A,A,A
dentist_590,dentist,0,B,B,B
dentist_591,dentist,0,A,A,A
dentist_592,dentist,0,B,A,A
dentist_593,dentist,0,D,D,D
pharm_219,pharm,0,D,A,A
pharm_220,pharm,0,A,A,A
pharm_221,pharm,0,E,E,E
pharm_222,pharm,0,A,C,C
pharm_865,pharm,0,A,C,C
pharm_866,pharm,0,B,D,D
pharm_867,pharm,0,D,C,C
pharm_868,pharm,0,C,C,C
nurse_531,nurse,0,C,C,C
nurse_532,nurse,0,B,B,B
nurse_533,nurse,0,E,E,E
nurse_534,nurse,0,E,E,E
doctor_368,doctor,0,C,C,C
doctor_369,doctor,0,B,D,D
doctor_370,doctor,0,D,D,D
doctor_371,doctor,0,C,C,C
dentist_594,dentist,0,D,E,E
dentist_595,dentist,0,E,E,E
dentist_596,dentist,0,D,C,C
dentist_597,dentist,0,B,B,B
pharm_869,pharm,0,A,C,C
pharm_870,pharm,0,D,C,C
pharm_871,pharm,0,D,E,E
pharm_872,pharm,0,A,E,E
pharm_223,pharm,0,A,D,D
pharm_224,pharm,0,E,D,D
pharm_225,pharm,0,A,A,A
pharm_226,pharm,0,B,B,B
doctor_372,doctor,0,A,A,A
doctor_373,doctor,0,B,B,B
doctor_374,doctor,0,A,E,E
doctor_375,doctor,0,C,C,C
dentist_598,dentist,0,C,C,C
dentist_599,dentist,0,D,D,D
dentist_600,dentist,0,B,E,E
dentist_601,dentist,0,C,C,C
nurse_535,nurse,0,B,B,B
nurse_536,nurse,0,D,D,D
nurse_537,nurse,0,A,A,A
nurse_538,nurse,0,C,C,C
pharm_873,pharm,0,B,C,C
pharm_874,pharm,0,E,E,E
pharm_875,pharm,0,D,E,E
pharm_876,pharm,0,A,D,D
pharm_227,pharm,0,B,B,B
pharm_228,pharm,0,B,E,E
pharm_229,pharm,0,B,C,C
pharm_230,pharm,0,D,D,D
doctor_376,doctor,0,B,B,B
doctor_377,doctor,0,A,A,A
doctor_378,doctor,0,C,C,C
doctor_379,doctor,0,C,C,C
dentist_602,dentist,0,B,C,C
dentist_603,dentist,0,D,E,E
dentist_604,dentist,0,D,D,D
dentist_605,dentist,0,E,E,E
nurse_539,nurse,0,C,C,C
nurse_540,nurse,0,D,D,D
nurse_541,nurse,0,E,E,E
nurse_542,nurse,0,E,E,E
pharm_877,pharm,0,E,E,E
pharm_878,pharm,0,A,D,D
pharm_879,pharm,0,E,B,B
pharm_880,pharm,0,C,C,C
pharm_231,pharm,0,E,E,E
pharm_232,pharm,0,C,C,C
pharm_233,pharm,0,A,A,A
pharm_234,pharm,0,C,C,C
doctor_380,doctor,0,D,D,D
doctor_381,doctor,0,A,A,A
doctor_382,doctor,0,C,C,C
doctor_383,doctor,0,D,D,D
dentist_606,dentist,0,E,E,E
dentist_607,dentist,0,D,D,D
dentist_608,dentist,0,B,C,C
dentist_609,dentist,0,D,D,D
nurse_543,nurse,0,B,B,B
nurse_544,nurse,0,A,A,A
nurse_545,nurse,0,D,D,D
nurse_546,nurse,0,C,C,C
pharm_881,pharm,0,B,B,B
pharm_882,pharm,0,B,B,B
pharm_883,pharm,0,D,D,D
pharm_884,pharm,0,C,B,B
pharm_235,pharm,0,A,A,A
pharm_236,pharm,0,A,A,A
pharm_237,pharm,0,C,C,C
pharm_238,pharm,0,D,D,D
doctor_384,doctor,0,D,D,D
doctor_385,doctor,0,A,D,D
doctor_386,doctor,0,B,B,B
doctor_387,doctor,0,A,A,A
nurse_547,nurse,0,B,C,C
nurse_548,nurse,0,C,C,C
nurse_549,nurse,0,D,D,D
nurse_550,nurse,0,A,A,A
dentist_610,dentist,0,E,D,D
dentist_611,dentist,0,E,D,D
dentist_612,dentist,0,C,C,C
dentist_613,dentist,0,A,D,D
dentist_0,dentist,0,C,C,C
dentist_1,dentist,0,E,E,E
dentist_2,dentist,0,E,E,E
dentist_3,dentist,0,C,C,C
pharm_239,pharm,0,C,D,D
pharm_240,pharm,0,B,E,E
pharm_241,pharm,0,D,D,D
pharm_242,pharm,0,D,D,D
doctor_388,doctor,0,B,B,B
doctor_389,doctor,0,A,A,A
doctor_390,doctor,0,D,D,D
doctor_391,doctor,0,C,C,C
dentist_614,dentist,0,A,C,C
dentist_615,dentist,0,E,E,E
dentist_616,dentist,0,C,C,C
dentist_617,dentist,0,B,E,E
nurse_551,nurse,0,B,B,B
nurse_552,nurse,0,B,B,B
nurse_553,nurse,0,A,A,A
nurse_554,nurse,0,C,C,C
dentist_4,dentist,0,A,A,A
dentist_5,dentist,0,C,C,C
dentist_6,dentist,0,D,D,D
dentist_7,dentist,0,C,C,C
doctor_392,doctor,0,C,E,E
doctor_393,doctor,0,A,A,A
doctor_394,doctor,0,E,E,E
doctor_395,doctor,0,A,A,A
pharm_243,pharm,0,E,E,E
pharm_244,pharm,0,E,E,E
pharm_245,pharm,0,B,B,B
pharm_246,pharm,0,E,E,E
dentist_618,dentist,0,D,C,C
dentist_619,dentist,0,D,B,B
dentist_620,dentist,0,C,C,C
dentist_621,dentist,0,A,D,D
nurse_555,nurse,0,D,D,D
nurse_556,nurse,0,B,B,B
nurse_557,nurse,0,B,B,B
nurse_558,nurse,0,C,C,C
dentist_8,dentist,0,E,E,E
dentist_9,dentist,0,E,D,D
dentist_10,dentist,0,D,D,D
dentist_11,dentist,0,B,B,B
doctor_396,doctor,0,A,A,A
doctor_397,doctor,0,D,D,D
doctor_398,doctor,0,E,E,E
doctor_399,doctor,0,B,B,B
dentist_622,dentist,0,A,E,E
dentist_623,dentist,0,D,A,A
dentist_624,dentist,0,A,E,E
dentist_625,dentist,0,B,B,B
pharm_247,pharm,0,C,C,C
pharm_248,pharm,0,E,E,E
pharm_249,pharm,0,D,B,B
pharm_250,pharm,0,C,C,C
nurse_559,nurse,0,D,B,B
nurse_560,nurse,0,E,E,E
nurse_561,nurse,0,D,E,E
nurse_562,nurse,0,E,E,E
dentist_12,dentist,0,B,B,B
dentist_13,dentist,0,E,D,D
dentist_14,dentist,0,B,E,E
dentist_15,dentist,0,A,A,A
doctor_400,doctor,0,D,D,D
doctor_401,doctor,0,E,E,E
doctor_402,doctor,0,E,E,E
doctor_403,doctor,0,B,B,B
dentist_626,dentist,0,D,C,C
dentist_627,dentist,0,E,B,B
dentist_628,dentist,0,A,A,A
dentist_629,dentist,0,B,C,C
pharm_251,pharm,0,B,B,B
pharm_252,pharm,0,D,D,D
pharm_253,pharm,0,A,D,D
pharm_254,pharm,0,B,B,B
nurse_563,nurse,0,E,E,E
nurse_564,nurse,0,D,E,E
nurse_565,nurse,0,E,E,E
nurse_566,nurse,0,E,D,D
dentist_16,dentist,0,D,D,D
dentist_17,dentist,0,D,D,D
dentist_18,dentist,0,C,B,B
dentist_19,dentist,0,D,D,D
doctor_404,doctor,0,A,A,A
doctor_405,doctor,0,E,E,E
doctor_406,doctor,0,C,A,A
doctor_407,doctor,0,B,B,B
dentist_630,dentist,0,B,B,B
dentist_631,dentist,0,A,D,D
dentist_632,dentist,0,E,D,D
dentist_633,dentist,0,D,D,D
pharm_255,pharm,0,D,C,C
pharm_256,pharm,0,A,B,B
pharm_257,pharm,0,C,E,E
pharm_258,pharm,0,A,A,A
nurse_567,nurse,0,E,D,D
nurse_568,nurse,0,C,C,C
nurse_569,nurse,0,D,A,A
nurse_570,nurse,0,E,E,E
dentist_20,dentist,0,A,D,D
dentist_21,dentist,0,C,C,C
dentist_22,dentist,0,B,C,C
dentist_23,dentist,0,B,B,B
doctor_408,doctor,0,A,A,A
doctor_409,doctor,0,A,A,A
doctor_410,doctor,0,B,B,B
doctor_411,doctor,0,D,D,D
dentist_634,dentist,0,E,E,E
dentist_635,dentist,0,C,C,C
dentist_636,dentist,0,B,C,C
dentist_637,dentist,0,D,D,D
pharm_259,pharm,0,E,D,D
pharm_260,pharm,0,D,D,D
pharm_261,pharm,0,B,E,E
pharm_262,pharm,0,C,C,C
nurse_571,nurse,0,E,A,A
nurse_572,nurse,0,B,B,B
nurse_573,nurse,0,A,D,D
nurse_574,nurse,0,B,B,B
dentist_24,dentist,0,D,D,D
dentist_25,dentist,0,E,C,C
dentist_26,dentist,0,B,B,B
dentist_27,dentist,0,A,E,E
doctor_412,doctor,0,B,B,B
doctor_413,doctor,0,D,D,D
doctor_414,doctor,0,C,C,C
doctor_415,doctor,0,D,D,D
dentist_638,dentist,0,E,B,B
dentist_639,dentist,0,E,E,E
dentist_640,dentist,0,A,E,E
dentist_641,dentist,0,A,B,B
pharm_263,pharm,0,B,C,C
pharm_264,pharm,0,E,E,E
pharm_265,pharm,0,B,E,E
pharm_266,pharm,0,A,C,C
nurse_575,nurse,0,A,C,C
nurse_576,nurse,0,E,E,E
nurse_577,nurse,0,C,A,A
nurse_578,nurse,0,A,B,B
dentist_28,dentist,0,E,D,D
dentist_29,dentist,0,B,D,D
dentist_30,dentist,0,B,B,B
dentist_31,dentist,0,D,D,D
dentist_642,dentist,0,A,A,A
dentist_643,dentist,0,A,E,E
dentist_644,dentist,0,A,D,D
dentist_645,dentist,0,B,D,D
doctor_416,doctor,0,A,A,A
doctor_417,doctor,0,D,D,D
doctor_418,doctor,0,C,C,C
doctor_419,doctor,0,B,B,B
pharm_267,pharm,0,B,B,B
pharm_268,pharm,0,D,D,D
pharm_269,pharm,0,E,E,E
pharm_270,pharm,0,C,C,C
nurse_579,nurse,0,E,E,E
nurse_580,nurse,0,C,C,C
nurse_581,nurse,0,D,B,B
nurse_582,nurse,0,A,C,C
dentist_32,dentist,0,B,B,B
dentist_33,dentist,0,A,B,B
dentist_34,dentist,0,C,E,E
dentist_35,dentist,0,E,E,E
doctor_420,doctor,0,C,C,C
doctor_421,doctor,0,D,D,D
doctor_422,doctor,0,D,D,D
doctor_423,doctor,0,D,D,D
dentist_646,dentist,0,C,E,E
dentist_647,dentist,0,D,C,C
dentist_648,dentist,0,D,D,D
dentist_649,dentist,0,E,E,E
pharm_271,pharm,0,D,D,D
pharm_272,pharm,0,E,E,E
pharm_273,pharm,0,E,D,D
pharm_274,pharm,0,B,A,A
nurse_583,nurse,0,D,E,E
nurse_584,nurse,0,D,D,D
nurse_585,nurse,0,B,E,E
nurse_586,nurse,0,C,C,C
dentist_36,dentist,0,C,E,E
dentist_37,dentist,0,D,D,D
dentist_38,dentist,0,E,E,E
dentist_39,dentist,0,D,D,D
dentist_650,dentist,0,E,E,E
dentist_651,dentist,0,B,B,B
dentist_652,dentist,0,A,A,A
dentist_653,dentist,0,B,E,E
doctor_424,doctor,0,B,B,B
doctor_425,doctor,0,A,E,E
doctor_426,doctor,0,A,A,A
doctor_427,doctor,0,D,D,D
nurse_587,nurse,0,D,D,D
nurse_588,nurse,0,E,E,E
nurse_589,nurse,0,D,D,D
nurse_590,nurse,0,B,B,B
pharm_275,pharm,0,D,D,D
pharm_276,pharm,0,E,E,E
pharm_277,pharm,0,D,D,D
pharm_278,pharm,0,D,D,D
dentist_654,dentist,0,D,D,D
dentist_655,dentist,0,B,B,B
dentist_656,dentist,0,C,C,C
dentist_657,dentist,0,E,E,E
dentist_40,dentist,0,A,C,C
dentist_41,dentist,0,E,E,E
dentist_42,dentist,0,E,C,C
dentist_43,dentist,0,A,A,A
doctor_428,doctor,0,B,B,B
doctor_429,doctor,0,D,D,D
doctor_430,doctor,0,B,B,B
doctor_431,doctor,0,D,D,D
pharm_279,pharm,0,C,C,C
pharm_280,pharm,0,A,A,A
pharm_281,pharm,0,B,B,B
pharm_282,pharm,0,A,A,A
nurse_591,nurse,0,C,C,C
nurse_592,nurse,0,A,A,A
nurse_593,nurse,0,E,E,E
nurse_594,nurse,0,E,E,E
dentist_658,dentist,0,E,E,E
dentist_659,dentist,0,C,C,C
dentist_660,dentist,0,B,B,B
dentist_661,dentist,0,D,D,D
dentist_44,dentist,0,E,E,E
dentist_45,dentist,0,E,E,E
dentist_46,dentist,0,A,A,A
dentist_47,dentist,0,A,E,E
doctor_432,doctor,0,E,C,C
doctor_433,doctor,0,C,C,C
doctor_434,doctor,0,A,A,A
nurse_0,nurse,0,C,C,C
pharm_283,pharm,0,B,B,B
pharm_284,pharm,0,E,E,E
pharm_285,pharm,0,E,E,E
pharm_286,pharm,0,C,C,C
nurse_595,nurse,0,B,B,B
nurse_596,nurse,0,E,E,E
nurse_597,nurse,0,B,B,B
nurse_598,nurse,0,D,D,D
dentist_662,dentist,0,A,A,A
dentist_663,dentist,0,D,D,D
dentist_664,dentist,0,D,D,D
dentist_665,dentist,0,C,C,C
dentist_48,dentist,0,E,C,C
dentist_49,dentist,0,E,E,E
dentist_50,dentist,0,C,C,C
dentist_51,dentist,0,D,D,D
nurse_1,nurse,0,D,D,D
nurse_2,nurse,0,E,E,E
nurse_3,nurse,0,C,C,C
nurse_4,nurse,0,C,C,C
pharm_287,pharm,0,E,A,A
pharm_288,pharm,0,B,C,C
pharm_289,pharm,0,C,C,C
pharm_290,pharm,0,D,D,D
nurse_599,nurse,0,A,A,A
nurse_600,nurse,0,D,D,D
nurse_601,nurse,0,C,C,C
nurse_602,nurse,0,B,B,B
dentist_666,dentist,0,C,C,C
dentist_667,dentist,0,E,E,E
dentist_668,dentist,0,C,C,C
dentist_669,dentist,0,D,D,D
nurse_5,nurse,0,C,C,C
nurse_6,nurse,0,A,A,A
nurse_7,nurse,0,B,B,B
nurse_8,nurse,0,E,E,E
dentist_52,dentist,0,C,C,C
dentist_53,dentist,0,B,B,B
dentist_54,dentist,0,D,D,D
dentist_55,dentist,0,C,C,C
pharm_291,pharm,0,E,E,E
pharm_292,pharm,0,B,D,D
pharm_293,pharm,0,C,C,C
pharm_294,pharm,0,A,A,A
nurse_603,nurse,0,E,E,E
nurse_604,nurse,0,E,E,E
nurse_605,nurse,0,B,B,B
nurse_606,nurse,0,D,D,D
dentist_670,dentist,0,D,D,D
dentist_671,dentist,0,E,E,E
dentist_672,dentist,0,A,A,A
dentist_673,dentist,0,E,E,E
nurse_9,nurse,0,D,D,D
nurse_10,nurse,0,C,C,C
nurse_11,nurse,0,B,B,B
nurse_12,nurse,0,E,E,E
dentist_56,dentist,0,E,E,E
dentist_57,dentist,0,D,D,D
dentist_58,dentist,0,D,D,D
dentist_59,dentist,0,E,E,E
pharm_295,pharm,0,B,D,D
pharm_296,pharm,0,C,C,C
pharm_297,pharm,0,E,E,E
pharm_298,pharm,0,D,D,D
nurse_607,nurse,0,C,C,C
nurse_608,nurse,0,E,E,E
nurse_609,nurse,0,E,E,E
nurse_610,nurse,0,B,B,B
dentist_674,dentist,0,C,C,C
dentist_675,dentist,0,E,E,E
dentist_676,dentist,0,C,C,C
dentist_677,dentist,0,E,E,E
nurse_13,nurse,0,C,C,C
nurse_14,nurse,0,D,D,D
nurse_15,nurse,0,C,C,C
nurse_16,nurse,0,B,A,A
dentist_60,dentist,0,C,C,C
dentist_61,dentist,0,B,B,B
dentist_62,dentist,0,C,E,E
dentist_63,dentist,0,A,A,A
pharm_299,pharm,0,D,D,D
pharm_300,pharm,0,D,D,D
pharm_301,pharm,0,E,E,E
pharm_302,pharm,0,B,B,B
nurse_611,nurse,0,E,E,E
nurse_612,nurse,0,A,A,A
nurse_613,nurse,0,D,D,D
nurse_614,nurse,0,E,E,E
dentist_678,dentist,0,C,C,C
dentist_679,dentist,0,A,A,A
dentist_680,dentist,0,E,E,E
dentist_681,dentist,0,E,E,E
nurse_17,nurse,0,E,E,E
nurse_18,nurse,0,E,E,E
nurse_19,nurse,0,A,A,A
nurse_20,nurse,0,E,E,E
nurse_615,nurse,0,B,B,B
nurse_616,nurse,0,D,D,D
nurse_617,nurse,0,A,A,A
nurse_618,nurse,0,C,C,C
dentist_64,dentist,0,D,C,C
dentist_65,dentist,0,C,C,C
dentist_66,dentist,0,D,D,D
dentist_67,dentist,0,D,D,D
pharm_303,pharm,0,E,E,E
pharm_304,pharm,0,E,E,E
pharm_305,pharm,0,B,B,B
pharm_306,pharm,0,A,A,A
dentist_682,dentist,0,D,D,D
dentist_683,dentist,0,A,C,C
dentist_684,dentist,0,A,C,C
dentist_685,dentist,0,C,B,B
nurse_21,nurse,0,D,D,D
nurse_22,nurse,0,E,E,E
nurse_23,nurse,0,D,D,D
nurse_24,nurse,0,A,A,A
nurse_619,nurse,0,B,B,B
nurse_620,nurse,0,D,D,D
nurse_621,nurse,0,A,A,A
nurse_622,nurse,0,D,D,D
pharm_307,pharm,0,D,E,E
pharm_308,pharm,0,B,B,B
pharm_309,pharm,0,E,E,E
pharm_310,pharm,0,A,A,A
dentist_68,dentist,0,E,E,E
dentist_69,dentist,0,E,E,E
dentist_70,dentist,0,A,A,A
dentist_71,dentist,0,D,C,C
nurse_25,nurse,0,C,C,C
nurse_26,nurse,0,A,A,A
nurse_27,nurse,0,B,B,B
nurse_28,nurse,0,D,A,A
dentist_686,dentist,0,B,C,C
dentist_687,dentist,0,D,B,B
dentist_688,dentist,0,C,C,C
dentist_689,dentist,0,E,E,E
nurse_623,nurse,0,A,A,A
nurse_624,nurse,0,D,D,D
nurse_625,nurse,0,A,A,A
nurse_626,nurse,0,D,D,D
pharm_311,pharm,0,C,C,C
pharm_312,pharm,0,E,E,E
pharm_313,pharm,0,D,D,D
pharm_314,pharm,0,D,D,D
dentist_72,dentist,0,B,B,B
dentist_73,dentist,0,C,C,C
dentist_74,dentist,0,A,A,A
dentist_75,dentist,0,D,D,D
dentist_690,dentist,0,A,D,D
dentist_691,dentist,0,D,C,C
dentist_692,dentist,0,D,D,D
dentist_693,dentist,0,E,E,E
nurse_627,nurse,0,B,B,B
nurse_628,nurse,0,C,C,C
nurse_629,nurse,0,C,C,C
nurse_630,nurse,0,A,A,A
nurse_29,nurse,0,B,B,B
nurse_30,nurse,0,D,D,D
nurse_31,nurse,0,D,D,D
nurse_32,nurse,0,A,A,A
pharm_315,pharm,0,C,C,C
pharm_316,pharm,0,B,B,B
pharm_317,pharm,0,C,C,C
pharm_318,pharm,0,C,C,C
dentist_76,dentist,0,C,C,C
dentist_77,dentist,0,C,C,C
dentist_78,dentist,0,B,B,B
dentist_79,dentist,0,C,C,C
dentist_694,dentist,0,A,C,C
dentist_695,dentist,0,B,B,B
dentist_696,dentist,0,E,E,E
dentist_697,dentist,0,E,E,E
nurse_631,nurse,0,C,C,C
nurse_632,nurse,0,E,C,C
nurse_633,nurse,0,D,D,D
nurse_634,nurse,0,E,E,E
pharm_319,pharm,0,E,E,E
pharm_320,pharm,0,C,C,C
pharm_321,pharm,0,B,B,B
pharm_322,pharm,0,D,D,D
dentist_698,dentist,0,A,B,B
dentist_699,dentist,0,B,E,E
dentist_700,dentist,0,B,C,C
dentist_701,dentist,0,E,E,E
nurse_33,nurse,0,A,B,B
nurse_34,nurse,0,E,E,E
nurse_35,nurse,0,E,E,E
nurse_36,nurse,0,E,E,E
dentist_80,dentist,0,A,B,B
dentist_81,dentist,0,C,E,E
dentist_82,dentist,0,A,A,A
dentist_83,dentist,0,E,D,D
nurse_635,nurse,0,E,E,E
nurse_636,nurse,0,C,C,C
nurse_637,nurse,0,D,D,D
nurse_638,nurse,0,E,E,E
pharm_323,pharm,0,A,A,A
pharm_324,pharm,0,D,D,D
pharm_325,pharm,0,E,E,E
pharm_326,pharm,0,B,B,B
nurse_37,nurse,0,A,A,A
nurse_38,nurse,0,C,C,C
nurse_39,nurse,0,B,B,B
nurse_40,nurse,0,B,B,B
dentist_84,dentist,0,A,E,E
dentist_85,dentist,0,D,D,D
dentist_86,dentist,0,A,B,B
dentist_87,dentist,0,A,A,A
dentist_702,dentist,0,C,D,D
dentist_703,dentist,0,C,C,C
dentist_704,dentist,0,E,A,A
dentist_705,dentist,0,D,D,D
nurse_639,nurse,0,A,A,A
nurse_640,nurse,0,B,B,B
nurse_641,nurse,0,D,D,D
nurse_642,nurse,0,D,D,D
pharm_327,pharm,0,C,C,C
pharm_328,pharm,0,D,D,D
pharm_329,pharm,0,D,D,D
pharm_330,pharm,0,D,D,D
dentist_88,dentist,0,E,D,D
dentist_89,dentist,0,D,B,B
dentist_90,dentist,0,B,B,B
dentist_91,dentist,0,B,D,D
nurse_643,nurse,0,B,B,B
nurse_644,nurse,0,B,B,B
nurse_645,nurse,0,A,A,A
nurse_646,nurse,0,A,A,A
nurse_41,nurse,0,B,B,B
nurse_42,nurse,0,A,A,A
nurse_43,nurse,0,B,B,B
nurse_44,nurse,0,E,E,E
dentist_706,dentist,0,E,E,E
dentist_707,dentist,0,E,E,E
dentist_708,dentist,0,A,A,A
dentist_709,dentist,0,D,D,D
pharm_331,pharm,0,A,A,A
pharm_332,pharm,0,A,A,A
pharm_333,pharm,0,E,E,E
pharm_334,pharm,0,E,E,E
dentist_92,dentist,0,D,D,D
dentist_93,dentist,0,A,A,A
dentist_94,dentist,0,D,D,D
dentist_95,dentist,0,E,B,B
nurse_647,nurse,0,E,E,E
nurse_648,nurse,0,C,C,C
nurse_649,nurse,0,C,C,C
nurse_650,nurse,0,B,B,B
dentist_710,dentist,0,C,C,C
dentist_711,dentist,0,C,C,C
dentist_712,dentist,0,B,B,B
dentist_713,dentist,0,D,D,D
nurse_45,nurse,0,A,A,A
nurse_46,nurse,0,D,D,D
nurse_47,nurse,0,A,A,A
nurse_48,nurse,0,D,D,D
pharm_335,pharm,0,C,C,C
pharm_336,pharm,0,A,A,A
pharm_337,pharm,0,E,E,E
pharm_338,pharm,0,E,E,E
dentist_96,dentist,0,B,B,B
dentist_97,dentist,0,C,C,C
dentist_98,dentist,0,A,C,C
dentist_99,dentist,0,D,D,D
dentist_714,dentist,0,C,C,C
dentist_715,dentist,0,C,C,C
dentist_716,dentist,0,B,A,A
dentist_717,dentist,0,D,D,D
nurse_651,nurse,0,C,C,C
nurse_652,nurse,0,B,B,B
nurse_653,nurse,0,D,D,D
nurse_654,nurse,0,B,B,B
pharm_339,pharm,0,A,A,A
pharm_340,pharm,0,A,A,A
pharm_341,pharm,0,B,B,B
pharm_342,pharm,0,E,E,E
nurse_49,nurse,0,E,E,E
nurse_50,nurse,0,A,A,A
nurse_51,nurse,0,D,D,D
nurse_52,nurse,0,A,A,A
dentist_718,dentist,0,E,E,E
dentist_719,dentist,0,A,E,E
dentist_720,dentist,0,E,E,E
dentist_721,dentist,0,A,A,A
dentist_100,dentist,0,D,D,D
dentist_101,dentist,0,B,B,B
dentist_102,dentist,0,C,C,C
dentist_103,dentist,0,E,E,E
nurse_655,nurse,0,E,E,E
nurse_656,nurse,0,A,A,A
nurse_657,nurse,0,A,A,A
nurse_658,nurse,0,B,B,B
pharm_343,pharm,0,C,C,C
pharm_344,pharm,0,E,E,E
pharm_345,pharm,0,B,B,B
pharm_346,pharm,0,B,B,B
nurse_53,nurse,0,E,E,E
nurse_54,nurse,0,D,D,D
nurse_55,nurse,0,C,C,C
nurse_56,nurse,0,B,B,B
dentist_722,dentist,0,A,E,E
dentist_723,dentist,0,B,D,D
dentist_724,dentist,0,C,C,C
dentist_725,dentist,0,D,B,B
dentist_104,dentist,0,D,D,D
dentist_105,dentist,0,D,E,E
dentist_106,dentist,0,B,B,B
dentist_107,dentist,0,E,E,E
nurse_659,nurse,0,C,C,C
nurse_660,nurse,0,D,D,D
nurse_661,nurse,0,E,E,E
nurse_662,nurse,0,D,D,D
pharm_347,pharm,0,B,B,B
pharm_348,pharm,0,C,C,C
pharm_349,pharm,0,A,A,A
pharm_350,pharm,0,E,E,E
nurse_57,nurse,0,D,D,D
nurse_58,nurse,0,D,C,C
nurse_59,nurse,0,A,A,A
nurse_60,nurse,0,E,E,E
dentist_108,dentist,0,A,A,A
dentist_109,dentist,0,C,C,C
dentist_110,dentist,0,D,C,C
dentist_111,dentist,0,B,B,B
nurse_663,nurse,0,B,B,B
nurse_664,nurse,0,B,B,B
nurse_665,nurse,0,D,D,D
nurse_666,nurse,0,D,D,D
dentist_726,dentist,0,A,B,B
dentist_727,dentist,0,A,A,A
dentist_728,dentist,0,C,C,C
dentist_729,dentist,0,D,C,C
pharm_351,pharm,0,E,E,E
pharm_352,pharm,0,D,D,D
pharm_353,pharm,0,A,A,A
pharm_354,pharm,0,B,B,B
dentist_112,dentist,0,A,A,A
dentist_113,dentist,0,A,A,A
dentist_114,dentist,0,D,B,B
dentist_115,dentist,0,D,D,D
nurse_61,nurse,0,B,A,A
nurse_62,nurse,0,B,B,B
nurse_63,nurse,0,C,C,C
nurse_64,nurse,0,E,E,E
nurse_667,nurse,0,E,E,E
nurse_668,nurse,0,D,B,B
nurse_669,nurse,0,E,D,D
nurse_670,nurse,0,A,A,A
dentist_730,dentist,0,B,E,E
dentist_731,dentist,0,D,D,D
dentist_732,dentist,0,B,B,B
dentist_733,dentist,0,C,C,C
dentist_116,dentist,0,E,E,E
dentist_117,dentist,0,B,B,B
dentist_118,dentist,0,D,D,D
dentist_119,dentist,0,E,E,E
pharm_355,pharm,0,B,B,B
pharm_356,pharm,0,A,A,A
pharm_357,pharm,0,A,A,A
pharm_358,pharm,0,B,A,A
nurse_65,nurse,0,B,B,B
nurse_66,nurse,0,D,D,D
nurse_67,nurse,0,C,C,C
nurse_68,nurse,0,B,B,B
nurse_671,nurse,0,E,E,E
nurse_672,nurse,0,C,C,C
nurse_673,nurse,0,D,D,D
nurse_674,nurse,0,A,A,A
dentist_734,dentist,0,B,B,B
dentist_735,dentist,0,B,E,E
dentist_736,dentist,0,B,E,E
dentist_737,dentist,0,D,D,D
pharm_359,pharm,0,E,E,E
pharm_360,pharm,0,D,D,D
pharm_361,pharm,0,E,B,B
pharm_362,pharm,0,A,C,C
dentist_120,dentist,0,B,E,E
dentist_121,dentist,0,D,D,D
dentist_122,dentist,0,A,A,A
dentist_123,dentist,0,A,A,A
nurse_69,nurse,0,C,B,B
nurse_70,nurse,0,E,E,E
nurse_71,nurse,0,D,D,D
nurse_72,nurse,0,E,E,E
nurse_675,nurse,0,E,E,E
nurse_676,nurse,0,A,A,A
nurse_677,nurse,0,C,C,C
nurse_678,nurse,0,D,D,D
dentist_738,dentist,0,D,D,D
dentist_739,dentist,0,D,E,E
dentist_740,dentist,0,E,E,E
dentist_741,dentist,0,C,C,C
nurse_73,nurse,0,D,B,B
nurse_74,nurse,0,A,A,A
nurse_75,nurse,0,B,B,B
nurse_76,nurse,0,A,A,A
dentist_124,dentist,0,C,C,C
dentist_125,dentist,0,D,D,D
dentist_126,dentist,0,E,E,E
dentist_127,dentist,0,D,D,D
pharm_363,pharm,0,A,A,A
pharm_364,pharm,0,E,E,E
pharm_365,pharm,0,A,A,A
pharm_366,pharm,0,D,D,D
nurse_679,nurse,0,E,E,E
nurse_680,nurse,0,C,C,C
nurse_681,nurse,0,B,B,B
nurse_682,nurse,0,B,B,B
dentist_742,dentist,0,D,D,D
dentist_743,dentist,0,E,A,A
dentist_744,dentist,0,E,E,E
dentist_745,dentist,0,E,E,E
nurse_77,nurse,0,C,C,C
nurse_78,nurse,0,A,A,A
nurse_79,nurse,0,A,A,A
nurse_80,nurse,0,E,E,E
pharm_367,pharm,0,E,E,E
pharm_368,pharm,0,C,C,C
pharm_369,pharm,0,D,D,D
pharm_370,pharm,0,C,C,C
dentist_128,dentist,0,E,E,E
dentist_129,dentist,0,B,B,B
dentist_130,dentist,0,C,C,C
dentist_131,dentist,0,C,C,C
nurse_683,nurse,0,A,A,A
nurse_684,nurse,0,C,C,C
nurse_685,nurse,0,E,E,E
nurse_686,nurse,0,A,A,A
dentist_746,dentist,0,C,C,C
dentist_747,dentist,0,D,D,D
dentist_748,dentist,0,C,C,C
dentist_749,dentist,0,C,C,C
nurse_81,nurse,0,C,C,C
nurse_82,nurse,0,B,B,B
nurse_83,nurse,0,A,D,D
nurse_84,nurse,0,C,E,E
pharm_371,pharm,0,D,D,D
pharm_372,pharm,0,A,A,A
pharm_373,pharm,0,E,E,E
pharm_374,pharm,0,A,A,A
dentist_132,dentist,0,C,C,C
dentist_133,dentist,0,C,C,C
dentist_134,dentist,0,C,C,C
dentist_135,dentist,0,C,D,D
nurse_687,nurse,0,C,C,C
nurse_688,nurse,0,C,C,C
nurse_689,nurse,0,B,B,B
nurse_690,nurse,0,C,C,C
dentist_750,dentist,0,A,C,C
dentist_751,dentist,0,D,D,D
dentist_752,dentist,0,D,D,D
dentist_753,dentist,0,A,C,C
nurse_85,nurse,0,E,E,E
nurse_86,nurse,0,E,E,E
nurse_87,nurse,0,A,A,A
nurse_88,nurse,0,B,B,B
pharm_375,pharm,0,A,A,A
pharm_376,pharm,0,C,C,C
pharm_377,pharm,0,C,C,C
pharm_378,pharm,0,B,B,B
dentist_136,dentist,0,E,E,E
dentist_137,dentist,0,A,A,A
dentist_138,dentist,0,C,C,C
dentist_139,dentist,0,A,A,A
nurse_691,nurse,0,C,C,C
nurse_692,nurse,0,E,E,E
nurse_693,nurse,0,C,B,B
nurse_694,nurse,0,E,E,E
pharm_379,pharm,0,D,D,D
pharm_380,pharm,0,A,A,A
pharm_381,pharm,0,D,D,D
pharm_382,pharm,0,A,A,A
dentist_754,dentist,0,D,D,D
dentist_755,dentist,0,E,E,E
dentist_756,dentist,0,B,E,E
dentist_757,dentist,0,C,C,C
dentist_140,dentist,0,B,B,B
dentist_141,dentist,0,E,E,E
dentist_142,dentist,0,E,E,E
dentist_143,dentist,0,C,C,C
nurse_89,nurse,0,B,B,B
nurse_90,nurse,0,D,D,D
nurse_91,nurse,0,D,D,D
nurse_92,nurse,0,E,C,C
nurse_695,nurse,0,B,C,C
nurse_696,nurse,0,D,D,D
nurse_697,nurse,0,D,D,D
nurse_698,nurse,0,D,D,D
pharm_383,pharm,0,E,E,E
pharm_384,pharm,0,C,C,C
pharm_385,pharm,0,D,D,D
pharm_386,pharm,0,C,C,C
dentist_758,dentist,0,A,B,B
dentist_759,dentist,0,D,B,B
dentist_760,dentist,0,A,A,A
dentist_761,dentist,0,B,E,E
nurse_93,nurse,0,D,D,D
nurse_94,nurse,0,C,C,C
nurse_95,nurse,0,D,D,D
nurse_96,nurse,0,D,D,D
dentist_144,dentist,0,A,A,A
dentist_145,dentist,0,C,E,E
dentist_146,dentist,0,A,A,A
dentist_147,dentist,0,E,E,E
nurse_699,nurse,0,C,C,C
nurse_700,nurse,0,E,E,E
nurse_701,nurse,0,E,E,E
nurse_702,nurse,0,A,A,A
pharm_387,pharm,0,A,A,A
pharm_388,pharm,0,A,A,A
pharm_389,pharm,0,C,C,C
pharm_390,pharm,0,C,C,C
dentist_762,dentist,0,A,C,C
dentist_763,dentist,0,A,D,D
dentist_764,dentist,0,D,B,B
dentist_765,dentist,0,D,D,D
dentist_148,dentist,0,C,C,C
dentist_149,dentist,0,A,A,A
dentist_150,dentist,0,C,C,C
dentist_151,dentist,0,D,D,D
nurse_97,nurse,0,C,C,C
nurse_98,nurse,0,D,D,D
nurse_99,nurse,0,E,E,E
nurse_100,nurse,0,E,E,E
nurse_703,nurse,0,E,E,E
nurse_704,nurse,0,E,E,E
nurse_705,nurse,0,D,D,D
nurse_706,nurse,0,D,C,C
pharm_391,pharm,0,B,B,B
pharm_392,pharm,0,D,D,D
pharm_393,pharm,0,A,A,A
pharm_394,pharm,0,D,D,D
dentist_766,dentist,0,B,C,C
dentist_767,dentist,0,E,D,D
dentist_768,dentist,0,A,E,E
dentist_769,dentist,0,E,E,E
dentist_152,dentist,0,D,C,C
dentist_153,dentist,0,D,D,D
dentist_154,dentist,0,C,C,C
dentist_155,dentist,0,D,A,A
nurse_707,nurse,0,A,A,A
nurse_708,nurse,0,C,C,C
nurse_709,nurse,0,B,E,E
nurse_710,nurse,0,C,C,C
nurse_101,nurse,0,E,E,E
nurse_102,nurse,0,C,C,C
nurse_103,nurse,0,B,B,B
nurse_104,nurse,0,D,D,D
pharm_395,pharm,0,D,D,D
pharm_396,pharm,0,D,D,D
pharm_397,pharm,0,C,C,C
pharm_398,pharm,0,C,C,C
dentist_770,dentist,0,C,C,C
dentist_771,dentist,0,D,D,D
dentist_772,dentist,0,A,D,D
dentist_773,dentist,0,C,B,B
dentist_156,dentist,0,E,E,E
dentist_157,dentist,0,A,A,A
dentist_158,dentist,0,B,A,A
dentist_159,dentist,0,D,C,C
nurse_711,nurse,0,A,A,A
nurse_712,nurse,0,B,B,B
nurse_713,nurse,0,A,A,A
nurse_714,nurse,0,E,E,E
nurse_105,nurse,0,D,D,D
nurse_106,nurse,0,D,D,D
nurse_107,nurse,0,A,A,A
nurse_108,nurse,0,D,D,D
pharm_399,pharm,0,B,B,B
pharm_400,pharm,0,E,D,D
pharm_401,pharm,0,D,D,D
pharm_402,pharm,0,B,B,B
dentist_774,dentist,0,B,C,C
dentist_775,dentist,0,A,A,A
dentist_776,dentist,0,D,D,D
dentist_777,dentist,0,B,B,B
nurse_715,nurse,0,B,B,B
nurse_716,nurse,0,D,D,D
nurse_717,nurse,0,C,C,C
nurse_718,nurse,0,A,A,A
dentist_160,dentist,0,C,C,C
dentist_161,dentist,0,D,D,D
dentist_162,dentist,0,D,D,D
dentist_163,dentist,0,D,D,D
nurse_109,nurse,0,E,D,D
nurse_110,nurse,0,D,D,D
nurse_111,nurse,0,E,E,E
nurse_112,nurse,0,A,A,A
pharm_403,pharm,0,E,D,D
pharm_404,pharm,0,C,C,C
pharm_405,pharm,0,E,E,E
pharm_406,pharm,0,C,C,C
dentist_778,dentist,0,B,B,B
dentist_779,dentist,0,A,A,A
dentist_780,dentist,0,C,C,C
dentist_781,dentist,0,D,C,C
nurse_719,nurse,0,D,D,D
nurse_720,nurse,0,B,B,B
nurse_721,nurse,0,B,B,B
nurse_722,nurse,0,A,A,A
dentist_164,dentist,0,C,C,C
dentist_165,dentist,0,C,A,A
dentist_166,dentist,0,C,B,B
dentist_167,dentist,0,E,E,E
nurse_113,nurse,0,C,C,C
nurse_114,nurse,0,E,E,E
nurse_115,nurse,0,C,C,C
nurse_116,nurse,0,A,A,A
pharm_407,pharm,0,D,D,D
pharm_408,pharm,0,A,A,A
pharm_409,pharm,0,E,C,C
pharm_410,pharm,0,E,E,E
dentist_782,dentist,0,D,D,D
dentist_783,dentist,0,C,C,C
dentist_784,dentist,0,D,B,B
dentist_785,dentist,0,C,C,C
nurse_723,nurse,0,D,D,D
nurse_724,nurse,0,C,C,C
nurse_725,nurse,0,C,C,C
nurse_726,nurse,0,E,E,E
dentist_168,dentist,0,D,D,D
dentist_169,dentist,0,D,D,D
dentist_170,dentist,0,E,E,E
dentist_171,dentist,0,E,E,E
pharm_411,pharm,0,B,B,B
pharm_412,pharm,0,D,D,D
pharm_413,pharm,0,D,D,D
pharm_414,pharm,0,D,D,D
nurse_117,nurse,0,B,B,B
nurse_118,nurse,0,A,E,E
nurse_119,nurse,0,C,C,C
nurse_120,nurse,0,C,C,C
nurse_727,nurse,0,C,C,C
nurse_728,nurse,0,A,A,A
nurse_729,nurse,0,E,E,E
nurse_730,nurse,0,B,B,B
dentist_786,dentist,0,A,A,A
dentist_787,dentist,0,B,A,A
dentist_788,dentist,0,E,D,D
dentist_789,dentist,0,C,B,B
dentist_172,dentist,0,E,B,B
dentist_173,dentist,0,B,B,B
dentist_174,dentist,0,D,D,D
dentist_175,dentist,0,D,D,D
pharm_415,pharm,0,B,B,B
pharm_416,pharm,0,B,B,B
pharm_417,pharm,0,D,E,E
pharm_418,pharm,0,C,C,C
nurse_121,nurse,0,B,E,E
nurse_122,nurse,0,B,D,D
nurse_123,nurse,0,E,E,E
nurse_124,nurse,0,E,E,E
nurse_731,nurse,0,B,E,E
nurse_732,nurse,0,E,E,E
nurse_733,nurse,0,C,C,C
nurse_734,nurse,0,D,D,D
dentist_176,dentist,0,B,B,B
dentist_177,dentist,0,A,A,A
dentist_178,dentist,0,B,D,D
dentist_179,dentist,0,D,D,D
dentist_790,dentist,0,E,E,E
dentist_791,dentist,0,A,A,A
dentist_792,dentist,0,B,D,D
dentist_793,dentist,0,B,B,B
pharm_419,pharm,0,E,C,C
pharm_420,pharm,0,D,E,E
pharm_421,pharm,0,D,D,D
pharm_422,pharm,0,D,D,D
nurse_125,nurse,0,B,B,B
nurse_126,nurse,0,C,C,C
nurse_127,nurse,0,B,B,B
nurse_128,nurse,0,A,A,A
nurse_735,nurse,0,E,C,C
nurse_736,nurse,0,C,C,C
nurse_737,nurse,0,A,E,E
nurse_738,nurse,0,C,C,C
dentist_794,dentist,0,E,E,E
dentist_795,dentist,0,B,E,E
dentist_796,dentist,0,C,C,C
dentist_797,dentist,0,E,A,A
dentist_180,dentist,0,C,E,E
dentist_181,dentist,0,C,C,C
dentist_182,dentist,0,A,A,A
dentist_183,dentist,0,D,E,E
pharm_423,pharm,0,E,E,E
pharm_424,pharm,0,A,A,A
pharm_425,pharm,0,A,A,A
pharm_426,pharm,0,D,D,D
nurse_739,nurse,0,A,D,D
nurse_740,nurse,0,D,A,A
nurse_741,nurse,0,B,B,B
nurse_742,nurse,0,E,E,E
dentist_798,dentist,0,D,D,D
dentist_799,dentist,0,D,D,D
dentist_800,dentist,0,A,C,C
dentist_801,dentist,0,E,E,E
nurse_129,nurse,0,C,C,C
nurse_130,nurse,0,E,E,E
nurse_131,nurse,0,C,C,C
nurse_132,nurse,0,B,B,B
dentist_184,dentist,0,E,C,C
dentist_185,dentist,0,A,A,A
dentist_186,dentist,0,C,E,E
dentist_187,dentist,0,C,C,C
pharm_427,pharm,0,D,D,D
pharm_428,pharm,0,C,C,C
pharm_429,pharm,0,D,D,D
pharm_430,pharm,0,C,C,C
nurse_743,nurse,0,B,B,B
nurse_744,nurse,0,A,A,A
nurse_745,nurse,0,A,A,A
nurse_746,nurse,0,E,E,E
dentist_802,dentist,0,D,D,D
dentist_803,dentist,0,A,A,A
dentist_804,dentist,0,E,E,E
dentist_805,dentist,0,C,C,C
nurse_133,nurse,0,D,D,D
nurse_134,nurse,0,D,D,D
nurse_135,nurse,0,E,E,E
nurse_136,nurse,0,A,A,A
dentist_188,dentist,0,C,A,A
dentist_189,dentist,0,B,B,B
dentist_190,dentist,0,D,D,D
dentist_191,dentist,0,D,D,D
pharm_431,pharm,0,C,C,C
pharm_432,pharm,0,E,E,E
pharm_433,pharm,0,D,E,E
pharm_434,pharm,0,A,A,A
nurse_747,nurse,0,B,A,A
nurse_748,nurse,0,B,B,B
nurse_749,nurse,0,D,D,D
nurse_750,nurse,0,C,C,C
nurse_137,nurse,0,D,D,D
nurse_138,nurse,0,B,B,B
nurse_139,nurse,0,A,A,A
nurse_140,nurse,0,D,D,D
dentist_806,dentist,0,A,E,E
dentist_807,dentist,0,C,D,D
dentist_808,dentist,0,A,A,A
dentist_809,dentist,0,E,C,C
dentist_192,dentist,0,A,A,A
dentist_193,dentist,0,D,D,D
dentist_194,dentist,0,E,D,D
dentist_195,dentist,0,C,C,C
nurse_751,nurse,0,A,A,A
nurse_752,nurse,0,D,D,D
nurse_753,nurse,0,D,E,E
nurse_754,nurse,0,D,D,D
dentist_810,dentist,0,B,B,B
nurse_141,nurse,0,C,C,C
nurse_142,nurse,0,A,A,A
nurse_143,nurse,0,C,C,C
nurse_144,nurse,0,D,D,D
pharm_435,pharm,0,D,D,D
pharm_436,pharm,0,E,E,E
pharm_437,pharm,0,B,B,B
pharm_438,pharm,0,B,B,B
dentist_196,dentist,0,C,C,C
dentist_197,dentist,0,A,B,B
dentist_198,dentist,0,B,B,B
dentist_199,dentist,0,E,C,C
nurse_755,nurse,0,C,C,C
nurse_756,nurse,0,B,B,B
nurse_757,nurse,0,D,D,D
nurse_758,nurse,0,A,A,A
pharm_439,pharm,0,D,A,A
pharm_440,pharm,0,C,C,C
pharm_441,pharm,0,B,B,B
pharm_442,pharm,0,C,C,C
nurse_145,nurse,0,E,E,E
nurse_146,nurse,0,E,C,C
nurse_147,nurse,0,B,B,B
nurse_148,nurse,0,E,E,E
dentist_200,dentist,0,E,D,D
dentist_201,dentist,0,E,E,E
dentist_202,dentist,0,D,D,D
dentist_203,dentist,0,B,B,B
nurse_759,nurse,0,E,E,E
nurse_760,nurse,0,C,C,C
nurse_761,nurse,0,D,D,D
nurse_762,nurse,0,A,A,A
pharm_443,pharm,0,B,B,B
pharm_444,pharm,0,E,E,E
pharm_445,pharm,0,B,B,B
pharm_446,pharm,0,D,D,D
nurse_149,nurse,0,C,C,C
nurse_150,nurse,0,A,A,A
nurse_151,nurse,0,E,E,E
nurse_152,nurse,0,D,D,D
dentist_204,dentist,0,E,E,E
dentist_205,dentist,0,D,D,D
dentist_206,dentist,0,C,C,C
dentist_207,dentist,0,B,B,B
pharm_447,pharm,0,A,A,A
pharm_448,pharm,0,D,D,D
pharm_449,pharm,0,A,A,A
pharm_450,pharm,0,C,C,C
nurse_763,nurse,0,A,A,A
nurse_764,nurse,0,C,C,C
nurse_765,nurse,0,D,D,D
nurse_766,nurse,0,B,B,B
nurse_153,nurse,0,C,C,C
nurse_154,nurse,0,E,E,E
nurse_155,nurse,0,E,E,E
nurse_156,nurse,0,E,E,E
pharm_451,pharm,0,C,C,C
pharm_452,pharm,0,B,B,B
pharm_453,pharm,0,A,A,A
pharm_454,pharm,0,B,B,B
dentist_208,dentist,0,B,B,B
dentist_209,dentist,0,A,A,A
nurse_767,nurse,0,B,B,B
nurse_768,nurse,0,B,B,B
nurse_157,nurse,0,B,A,A
nurse_158,nurse,0,A,A,A
nurse_159,nurse,0,A,A,A
nurse_160,nurse,0,D,D,D
pharm_455,pharm,0,C,C,C
pharm_456,pharm,0,E,E,E
pharm_457,pharm,0,A,A,A
pharm_458,pharm,0,A,A,A
nurse_161,nurse,0,C,C,C
nurse_162,nurse,0,D,D,D
nurse_163,nurse,0,D,D,D
nurse_164,nurse,0,E,A,A
pharm_459,pharm,0,C,C,C
pharm_460,pharm,0,E,E,E
pharm_461,pharm,0,D,D,D
pharm_462,pharm,0,A,A,A
nurse_165,nurse,0,B,D,D
nurse_166,nurse,0,C,C,C
pharm_463,pharm,0,D,D,D
pharm_464,pharm,0,E,E,E
pharm_465,pharm,0,E,E,E
pharm_466,pharm,0,A,A,A
pharm_467,pharm,0,D,D,D
pharm_468,pharm,0,E,E,E
pharm_469,pharm,0,E,E,E
pharm_470,pharm,0,B,B,B
pharm_471,pharm,0,B,B,B
pharm_472,pharm,0,E,E,E
pharm_473,pharm,0,B,B,B
pharm_474,pharm,0,B,B,B
pharm_475,pharm,0,D,D,D
pharm_476,pharm,0,B,B,B
pharm_477,pharm,0,B,B,B
pharm_478,pharm,0,E,E,E
pharm_479,pharm,0,B,B,B
pharm_480,pharm,0,B,C,C
pharm_481,pharm,0,D,D,D
pharm_482,pharm,0,D,D,D
pharm_483,pharm,0,B,B,B
pharm_484,pharm,0,C,C,C
pharm_485,pharm,0,B,B,B
pharm_486,pharm,0,D,D,D
pharm_487,pharm,0,A,A,A
pharm_488,pharm,0,B,B,B
pharm_489,pharm,0,E,E,E
pharm_490,pharm,0,C,C,C
pharm_491,pharm,0,D,D,D
pharm_492,pharm,0,D,E,E
